raw_date,raw_text
2024-02-28T22:05:10.000Z,"['Pinned', 'Réseau Express Métropolitain', 'Réseau Express Métropolitain', '', '@REM_infoservice', '·', ""[Avis d'interruptions planifiées] Ouverture du réseau à 7 h 30 les samedis 2, 16 et 30 mars, en raison de mise à jour des systèmes. Autobus disponibles entre Brossard et Gare Centrale de 5 h 30 à 7 h 30. \nPour plus de détails, consultez :"", 'Plan de relève', '1', '3', '5', '7.3K']"
2024-03-29T10:00:18.000Z,"['Réseau Express Métropolitain', 'Réseau Express Métropolitain', '', '@REM_infoservice', '·', 'Service normal – Le service normal du réseau est rétabli dans les deux directions.', '1', '3', '2K']"
2024-03-29T09:55:52.000Z,"['Réseau Express Métropolitain', 'Réseau Express Métropolitain', '', '@REM_infoservice', '·', 'Ralentissement –  Une panne du système de contrôle cause un ralentissement de service sur le réseau. Le service est rétabli en direction à partir de Brossard (direction gare Centrale). Le premier départ de la station Gare Centrale (direction Brossard) se fera à 6 h 00.', '3', '5', '2.5K']"
2024-03-28T15:05:50.000Z,"['Réseau Express Métropolitain reposted', 'Réseau Express Métropolitain', 'Réseau Express Métropolitain', 'REM - Réseau express métropolitain', 'REM - Réseau express métropolitain', '', '@REMgrandmtl', '·', ""N’oubliez pas que ce vendredi 29 mars et lundi 1er avril,  l’horaire du dimanche s'appliquera. "", '#REMmtl', 'Pour consulter la liste complète des jours fériés, visitez notre site web', 'Horaire de service', '5', '15', '3.1K']"
2024-03-18T13:53:45.000Z,"['Réseau Express Métropolitain', 'Réseau Express Métropolitain', '', '@REM_infoservice', '·', 'Service normal – Le service normal du réseau est rétabli, dans les deux directions.', '1', '4', '2.4K']"
2024-03-18T13:38:09.000Z,"['Réseau Express Métropolitain', 'Réseau Express Métropolitain', '', '@REM_infoservice', '·', 'Reprise – La cause de l’interruption de service est maintenant résolue. Reprise graduelle du service en cours, dans les deux directions.', '3', '3', '10', '3.9K']"
2024-03-18T12:56:44.000Z,"['Réseau Express Métropolitain', 'Réseau Express Métropolitain', '', '@REM_infoservice', '·', 'Interruption –  Un problème technique cause une interruption de service sur le réseau. Reprise du service indéterminée. \nNavettes d’autobus seront bientôt disponibles.\nPour l’emplacement des autobus, consultez le', 'Plan de relève', '12', '10', '7', '6K']"
2024-03-02T19:21:11.000Z,"['Réseau Express Métropolitain', 'Réseau Express Métropolitain', '', '@REM_infoservice', '·', 'Normal service on the network, in both directions.', '1', '1', '5', '3.8K']"
2024-03-02T19:20:26.000Z,"['Réseau Express Métropolitain', 'Réseau Express Métropolitain', '', '@REM_infoservice', '·', ""Service normal sur l'ensemble du réseau, dans les deux directions."", '1', '4', '3.1K']"
2024-03-02T19:08:26.000Z,"['Réseau Express Métropolitain', 'Réseau Express Métropolitain', '', '@REM_infoservice', '·', 'Service gradually being restored on the network. Normal service expected at 2:15 p.m.', '1', '6', '3.4K']"
2024-03-02T19:00:26.000Z,"['Réseau Express Métropolitain', 'Réseau Express Métropolitain', '', '@REM_infoservice', '·', 'Reprise graduelle de service – La cause de l’interruption de service est maintenant résolue. Reprise graduelle du service en cours, dans les deux directions. Service normal prévu vers : 14 h 15.', '1', '5', '2.6K']"
2024-03-02T18:54:36.000Z,"['Réseau Express Métropolitain', 'Réseau Express Métropolitain', '', '@REM_infoservice', '·', 'Interruption / Service modifié - Panne de système de contrôle cause un arrêt de service.\nDans les deux directions: reprise du REM entre les stations Brossard et Panama, avec autobus entre les stations Panama et Gare Centrale. \nEmplacement des autobus:', 'Plan de relève', '2', '3', '1.8K']"
2024-03-02T18:41:14.000Z,"['Réseau Express Métropolitain', 'Réseau Express Métropolitain', '', '@REM_infoservice', '·', 'Interruption - An issue with the train control system is causing a service interruption on the network in both directions. Estimated time to resume service is undetermined. \n\nShuttle buses will be availble. For more information on the shuttle buses:', 'rem.info', 'rem.info', 'Backup plan', 'Backup plan', 'Service during REM interruption', 'Service during REM interruption', '1', '1', '5', '2.3K']"
2024-03-02T18:34:50.000Z,"['Réseau Express Métropolitain', 'Réseau Express Métropolitain', '', '@REM_infoservice', '·', ""Interruption  –  Une panne de système de contrôle cause une interruption de service sur le réseau. Reprise du service indéterminée. D'autres messages suivront.\n\nNavettes d’autobus seront bientôt disponibles.\nPour l’emplacement des autobus, consultez le"", 'Plan de relève', '4', '3', '4', '2.8K']"
2024-03-02T18:25:25.000Z,"['Réseau Express Métropolitain', 'Réseau Express Métropolitain', '', '@REM_infoservice', '·', 'Interruption  –  Une panne de système de contrôle cause une interruption de service sur le réseau. Reprise du service prévue à : 13 h 30.', '4', '4', '4', '3.5K']"
2024-02-29T12:17:00.000Z,"['Réseau Express Métropolitain', 'Réseau Express Métropolitain', '', '@REM_infoservice', '·', ""Service normal sur l'ensemble du réseau, dans les deux directions"", '1', '2', '4', '3.3K']"
2024-02-29T11:57:41.000Z,"['Réseau Express Métropolitain', 'Réseau Express Métropolitain', '', '@REM_infoservice', '·', ""Reprise graduelle de service – La cause de l'interruption de service est maintenant résolue Reprise graduelle du service en cours, dans les deux directions."", '3', '2', '2', '3.1K']"
2024-02-29T11:51:46.000Z,"['Réseau Express Métropolitain', 'Réseau Express Métropolitain', '', '@REM_infoservice', '·', ']Interruption] – Une panne du système de contrôle  cause une interruption de service  sur le réseau, dans les deux directions. L’heure de reprise du service est pour l’instant indéterminée.  D’autres messages suivront.', '3', '2', '4', '5K']"
2024-02-29T11:01:17.000Z,"['Réseau Express Métropolitain', 'Réseau Express Métropolitain', '', '@REM_infoservice', '·', ""Service normal sur l'ensemble du réseau, dans les deux directions."", '1', '4', '2.5K']"
2024-02-29T10:43:39.000Z,"['Réseau Express Métropolitain', 'Réseau Express Métropolitain', '', '@REM_infoservice', '·', '[Interruption] – Un problème technique cause une interruption sur le réseau. Le premier départ en direction de Gare Centrale sera à 5h45 et à 6h00 en direction de Brossard.\nDes navettes d’autobus sont disponibles.\nPour l’emplacement des autobus, consultez', 'Plan de relève', '5', '4', '5', '3.1K']"
2024-02-29T05:17:38.000Z,"['Réseau Express Métropolitain', 'Réseau Express Métropolitain', '', '@REM_infoservice', '·', ""[Interruption] – En raison des conséquences des conditions météo et pour assurer la sécurité des usagers, le service est interrompu et reprendra jeudi matin.\n\nDes navettes d’autobus sont disponibles jusqu'à 1h00. \nPour l’emplacement des autobus, consultez"", 'Plan de relève', '1', '3', '3', '2.6K']"
2024-02-29T02:57:05.000Z,"['Réseau Express Métropolitain', 'Réseau Express Métropolitain', '', '@REM_infoservice', '·', ""[Interruption en cours] – L’interruption de service est prolongée afin d'assurer une inspection de sécurité du réseau. L’heure de reprise est indéterminée.\n\nDes navettes d’autobus sont disponibles.\nPour l’emplacement des autobus, consultez le"", 'Plan de relève', '4', '6', '6', '4.2K']"
2024-02-29T02:04:01.000Z,"['Réseau Express Métropolitain', 'Réseau Express Métropolitain', '', '@REM_infoservice', '·', ""Interruption - La panne d'alimentation électrique est en cours de résolution. Le service reste interrompu sur l'ensemble du réseau. Heure de reprise estimée : 21 h 50.\nAutobus disponibles. \nPour connaître l’emplacement des autobus, consultez le"", 'Plan de relève', '3', '5', '11', '3.9K']"
2024-02-29T00:31:23.000Z,"['Réseau Express Métropolitain', 'Réseau Express Métropolitain', '', '@REM_infoservice', '·', ""Interruption – Une panne d'alimentation électrique cause une interruption de service sur le réseau. L'heure de reprise est pour l'instant indéterminée. \n\nDes navettes d’autobus seront disponibles.\nPour connaître l’emplacement des autobus, consultez le"", 'Plan de relève', '13', '9', '15', '9.5K']"
2024-02-29T00:20:01.000Z,"['Réseau Express Métropolitain', 'Réseau Express Métropolitain', '', '@REM_infoservice', '·', ""Interruption de service – Une panne d'alimentation électrique cause une interruption de service sur le réseau, dans les deux directions. L’heure de reprise du service est pour l’instant indéterminée. D’autres messages suivront."", '4', '6', '13', '5.7K']"
2024-02-27T16:08:20.000Z,"['Réseau Express Métropolitain', 'Réseau Express Métropolitain', '', '@REM_infoservice', '·', 'Ouverture de nuit – Dans la nuit du 2 au 3 mars, le réseau demeura ouvert dans le cadre de la ', '@NuitblancheMTL', '. Informez-vous sur les horaires habituels des services d’autobus afin de bien planifier vos déplacements.', 'Horaire de service', '3', '12', '35', '16K']"
2024-02-26T11:14:10.000Z,"['Réseau Express Métropolitain', 'Réseau Express Métropolitain', '', '@REM_infoservice', '·', 'Service normal – La cause du ralentissement est résolue et le service normal est rétabli, dans les deux directions.', '1', '1', '6', '2.4K']"
2024-02-26T11:09:27.000Z,"['Réseau Express Métropolitain', 'Réseau Express Métropolitain', '', '@REM_infoservice', '·', 'Reprise graduelle de service – La cause du ralentissement de service est maintenant résolue Reprise graduelle du service en cours, dans les deux directions.', '1', '1', '4', '2.3K']"
2024-02-26T11:04:56.000Z,"['Réseau Express Métropolitain', 'Réseau Express Métropolitain', '', '@REM_infoservice', '·', 'Ralentissement – Le ralentissement de service sur l’ensemble du réseau est prolongée. Reprise du service prévue vers : 6 h 10. D’autres messages suivront.', '1', '1', '2', '1.9K']"
2024-02-26T10:59:57.000Z,"['Réseau Express Métropolitain', 'Réseau Express Métropolitain', '', '@REM_infoservice', '·', 'Ralentissement –  Une panne du système de contrôle cause un ralentissement de service sur le réseau, dans les deux directions. Reprise du service prévue à : 6 h 00.', '2', '4', '8', '3.9K']"
2024-02-18T19:39:59.000Z,"['Réseau Express Métropolitain', 'Réseau Express Métropolitain', '', '@REM_infoservice', '·', ""L'incident est résolu. Service normal sur l'ensemble du réseau. Merci pour votre compréhension."", '1', '1', '7', '3.4K']"
2024-02-18T19:13:39.000Z,"['Réseau Express Métropolitain', 'Réseau Express Métropolitain', '', '@REM_infoservice', '·', ""Modification temporaire de service - Un incident technique nous oblige temporairement à demander aux usagers de changer de train à Panama, pour poursuivre leur trajet, dans les deux directions. \nLe service est toutefois maintenu sur l'ensemble du réseau."", '1', '2', '11', '3.4K']"
2024-02-05T12:47:28.000Z,"['Réseau Express Métropolitain', 'Réseau Express Métropolitain', '', '@REM_infoservice', '·', 'La cause de l’interruption est maintenant résolue. Reprise graduelle du service en cours.', '2', '5', '12', '6.2K']"
2024-02-05T12:33:50.000Z,"['Réseau Express Métropolitain', 'Réseau Express Métropolitain', '', '@REM_infoservice', '·', 'Interruption de service – Une poignée d’urgence actionnée cause une interruption de service sur le réseau, dans les deux directions. Reprise du service prévue à : 7h45.', '3', '6', '7', '7K']"
2024-01-31T14:30:32.000Z,"['Réseau Express Métropolitain', 'Réseau Express Métropolitain', '', '@REM_infoservice', '·', ""[Avis d'interruptions planifiées] Ouverture du réseau à 7 h 30 les samedis 3 et 17 février, en raison de mises à jour des systèmes. Autobus disponibles entre Brossard et Gare Centrale de 5 h 30 à 7 h 30. \nPour plus de détails, consultez : "", 'http://rem.info/interruption', 'http://', '2', '4', '3', '6.2K']"
2024-01-27T21:46:53.000Z,"['Réseau Express Métropolitain', 'Réseau Express Métropolitain', '', '@REM_infoservice', '·', ""Reprise du service normal - L'intervention de dégagement de glace par l'équipe du pont Samuel-De Champlain est maintenant terminée. Nous procédons à la reprise du service normal sur l'ensemble du réseau."", '3', '3', '8', '5.9K']"
2024-01-27T20:30:27.000Z,"['Réseau Express Métropolitain', 'Réseau Express Métropolitain', '', '@REM_infoservice', '·', ""Interruption de service – Un objet sur la voie cause une interruption de service entre les stations Panama et Ile-des-Soeurs. Service d’autobus disponible entre ces deux stations. L'intervention pour retirer l'objet se prolonge et l'heure de reprise de service est indéterminée."", '8', '5', '12', '6.2K']"
2024-01-27T20:47:18.000Z,"['Réseau Express Métropolitain', 'Réseau Express Métropolitain', '', '@REM_infoservice', '·', ""Précision sur l'intervention: le réchauffement de la température provoque des chutes de glace sur la voie à partir de la structure du pont Samuel-De Champlain. Afin d'assurer la sécurité des usagers, nous collaborons avec SSL pour leur permettre le déneigement de la structure."", '4', '3', '6', '3.5K']"
2024-01-27T19:50:50.000Z,"['Réseau Express Métropolitain', 'Réseau Express Métropolitain', '', '@REM_infoservice', '·', ""Interruption de service – Un objet sur la voie cause une interruption de service entre les stations Panama et Ile-des-Soeurs. Service d’autobus disponible entre ces deux stations. L'intervention pour retirer l'objet se prolonge et le service normal devrait reprendre vers 15h30."", '1', '4', '6', '3.2K']"
2024-01-27T19:29:43.000Z,"['Réseau Express Métropolitain', 'Réseau Express Métropolitain', '', '@REM_infoservice', '·', 'Interruption de service / Service modifié – Un objet sur la voie cause une interruption de service sur le réseau entre les stations Panama et Ile-des-Soeurs. Un service d’autobus est disponible entre ces deux stations. Le service normal devrait reprendre graduellement vers 14h45.', '1', '2', '1', '2.7K']"
2024-01-26T21:26:11.000Z,"['Réseau Express Métropolitain', 'Réseau Express Métropolitain', '', '@REM_infoservice', '·', 'Reprise graduelle de service – Un bris d’équipement est maintenant résolu. Reprise graduelle du service en cours, dans les deux directions.', '2', '6', '2.4K']"
2024-01-26T21:10:35.000Z,"['Réseau Express Métropolitain', 'Réseau Express Métropolitain', '', '@REM_infoservice', '·', ""Ralentissement de service – Un bris d'équipement cause un ralentissement de service sur le réseau, en direction de la gare centrale. Le service est maintenu est direction de Brossard. L’heure de reprise du service est pour l’instant indéterminée. D’autres messages suivront."", '9', '4', '9', '4.4K']"
2024-01-25T14:47:04.000Z,"['Réseau Express Métropolitain', 'Réseau Express Métropolitain', '', '@REM_infoservice', '·', 'Service normal – Le problème technique est résolu et le service normal du réseau est maintenant rétabli.', '4', '10', '3.6K']"
2024-01-25T14:06:36.000Z,"['Réseau Express Métropolitain', 'Réseau Express Métropolitain', '', '@REM_infoservice', '·', ""Ralentissement de service – Un problème de porte palière cause un ralentissement de service, dans les 2 directions. Plus d'informations sur le retour au service normal, à suivre."", '3', '7', '7', '5.2K']"
2024-01-25T13:49:46.000Z,"['Réseau Express Métropolitain', 'Réseau Express Métropolitain', '', '@REM_infoservice', '·', ""Interruption  de service – Un problème de porte palière  cause une interruption de service sur l'ensemble du réseau, dans les 2 directions. Service d'autobus disponible. Durée de reprise estimée à 20 min.\nPour connaître l’emplacement des autobus >"", 'Plan de relève', '3', '4', '4', '4.1K']"
2024-01-24T23:07:15.000Z,"['Réseau Express Métropolitain', 'Réseau Express Métropolitain', '', '@REM_infoservice', '·', 'Service normal – La panne de système de contrôle de train est résolue et le service normal du réseau est maintenant rétabli.', '5', '2', '11', '4.6K']"
2024-01-24T22:46:51.000Z,"['Réseau Express Métropolitain', 'Réseau Express Métropolitain', '', '@REM_infoservice', '·', ""Reprise graduelle – La panne du système de contrôle est résolue et le service reprend graduellement. Le service d'autobus est maintenu. Pour connaître l’emplacement des autobus, consultez le"", 'Plan de relève', '2', '4', '3', '4K']"
2024-01-24T22:09:50.000Z,"['Réseau Express Métropolitain', 'Réseau Express Métropolitain', '', '@REM_infoservice', '·', ""Interruption de service – Une panne du système de contrôle cause une interruption de service sur le réseau. Nous prévoyons une reprise graduelle du service vers 17h25. Service d'autobus disponible. Pour connaître l’emplacement des autobus, consultez le"", 'Plan de relève', '9', '6', '5', '6.4K']"
2024-01-24T22:02:58.000Z,"['Réseau Express Métropolitain', 'Réseau Express Métropolitain', '', '@REM_infoservice', '·', ""Interruption de service – Une panne du système de contrôle cause une interruption de service sur le réseau. L’heure de reprise du service est pour l’instant indéterminée. Service d'autobus disponible. Pour connaître l’emplacement des autobus, consultez le"", 'Plan de relève', '17', '10', '15', '9.2K']"
2024-01-13T22:19:13.000Z,"['Réseau Express Métropolitain', 'Réseau Express Métropolitain', '', '@REM_infoservice', '·', ""Service normal - L'enjeu d'alimentation électrique des trains est résolu et le service normal du réseau est maintenant rétabli. Merci de votre compréhension."", '10', '3', '9', '6.3K']"
2024-01-13T21:56:07.000Z,"['Réseau Express Métropolitain', 'Réseau Express Métropolitain', '', '@REM_infoservice', '·', ""Reprise graduelle - L'enjeu d'alimentation électrique est maintenant résolu et la reprise du service normal est en cours, dans les deux directions. Merci de votre compréhension."", '3', '2', '8', '5.3K']"
2024-01-13T21:22:45.000Z,"['Réseau Express Métropolitain', 'Réseau Express Métropolitain', '', '@REM_infoservice', '·', ""Interruption – Un bris d'alimentation électrique des trains cause une interruption de service sur le réseau. La reprise du service est maintenant indéterminée.\nPour connaître l’emplacement des autobus de relève, consultez le"", 'Plan de relève', '4', '4', '11', '5.5K']"
2024-01-13T20:30:28.000Z,"['Réseau Express Métropolitain', 'Réseau Express Métropolitain', '', '@REM_infoservice', '·', ""Interruption de service – Un bris d’équipement cause une interruption de service sur l'ensemble du réseau. La reprise du service est prévue à 16h15. Navettes d’autobus à la disposition des voyageurs. \nPour connaître l’emplacement des autobus, consultez le"", 'Plan de relève', '6', '5', '4', '4.5K']"
2024-01-12T12:30:25.000Z,"['Réseau Express Métropolitain', 'Réseau Express Métropolitain', '', '@REM_infoservice', '·', ""[Avis d'interruptions planifiées]\nOuverture du réseau à 7 h 30 les  samedis et dimanches 13-14/20-21/27-28 janvier, en raison de mises à jour des systèmes.\nNavettes d'autobus disponibles entre Brossard et Gare Centrale de 5 h 30 à 7 h 30. "", 'https://rem.info/fr/se-deplacer/plan-de-releve…', 'https://', '/plan-de-releve', '…', '2', '3', '7', '10K']"
2024-01-11T13:15:13.000Z,"['Réseau Express Métropolitain', 'Réseau Express Métropolitain', '', '@REM_infoservice', '·', ""Service normal - Le problème d'alimentation électrique est maintenant résolu. Le service normal du réseau est maintenant rétabli. Merci de votre compréhension."", '3', '6', '9', '4.4K']"
2024-01-11T12:39:30.000Z,"['Réseau Express Métropolitain', 'Réseau Express Métropolitain', '', '@REM_infoservice', '·', ""Reprise graduelle - Le problème d'alimentation électrique est maintenant résolu. Reprise graduelle du service en cours. Maintien du service d'autobus en appui jusqu'à 8h15."", '1', '6', '11', '5K']"
2024-01-11T11:32:02.000Z,"['Réseau Express Métropolitain', 'Réseau Express Métropolitain', '', '@REM_infoservice', '·', ""Interruption – Un problème d'alimentation électrique cause une interruption de service sur le réseau. Reprise du service prévue à 7h45. Un service d’autobus de relève est à la disposition des voyageurs.\n\nPour l’emplacement des autobus, consultez le"", 'Plan de relève', '6', '8', '8', '5.8K']"
2024-01-11T10:37:35.000Z,"['Réseau Express Métropolitain', 'Réseau Express Métropolitain', '', '@REM_infoservice', '·', ""Interruption de service – Un problème technique cause une interruption de service sur l'ensemble du réseau, dans les deux directions. Un service d’autobus de relève est à la disposition des voyageurs.\n\nPour connaître l’emplacement des autobus, consultez le"", 'Plan de relève', '5', '5', '4', '5.1K']"
2024-01-02T23:49:56.000Z,"['Réseau Express Métropolitain', 'Réseau Express Métropolitain', '', '@REM_infoservice', '·', 'REM - Service normal sur la ligne A1 | Brossard-Gare Centrale. Direction: A1-Brossard.', '1', '2', '4', '3.6K']"
2024-01-02T23:23:18.000Z,"['Réseau Express Métropolitain', 'Réseau Express Métropolitain', '', '@REM_infoservice', '·', 'REM - Reprise graduelle de service sur la ligne A1 | Brossard-Gare Centrale. Direction: A1-Brossard.', '1', '2', '5', '3.8K']"
2024-01-02T23:22:19.000Z,"['Réseau Express Métropolitain', 'Réseau Express Métropolitain', '', '@REM_infoservice', '·', 'REM - Reprise graduelle de service sur la ligne A1 | Brossard-Gare Centrale. Direction: Gare Centrale.', '1', '1', '2', '2.9K']"
2024-01-02T23:07:13.000Z,"['Réseau Express Métropolitain', 'Réseau Express Métropolitain', '', '@REM_infoservice', '·', 'REM - Ralentissement de service sur la ligne A1 | Brossard-Gare Centrale. Direction: Gare Centrale.', '1', '4', '5', '4K']"
2023-10-11T18:03:27.000Z,"['Réseau Express Métropolitain', 'Réseau Express Métropolitain', '', '@REM_infoservice', '·', ""[Interruption planifiée] Dès le 15 octobre, du dimanche au jeudi à partir de 22 h, le service sera interrompu dans les 2 sens, entre les stations Panama et Gare Centrale pour procéder à des travaux sur les voies. Navettes d'autobus disponibles. "", ' ', 'http://rem.info/service', 'http://', '10', '16', '12', '35K']"
2023-12-15T22:15:29.000Z,"['Réseau Express Métropolitain', 'Réseau Express Métropolitain', '', '@REM_infoservice', '·', '[Mise à jour] Fin des interruptions de service planifiées en soirée, du dimanche au jeudi.\nLes travaux sur les voies se poursuivent la nuit, dans les heures régulières de maintenance.\nHoraire du réseau ', 'Horaire de service', '2', '5', '15', '3.5K']"
2023-12-13T12:02:41.000Z,"['Réseau Express Métropolitain', 'Réseau Express Métropolitain', '', '@REM_infoservice', '·', ""[Interruption planifiée] Ce soir, le service sera interrompu entre les stations Panama et Gare Centrale : à partir de 22 h, en direction de Gare Centrale et à partir de 23 h en direction de Brossard. Navettes d'autobus disponibles. \nEn savoir plus "", 'Interruption planifiée du service', '2', '1', '2', '2.4K']"
2023-12-10T12:01:22.000Z,"['Réseau Express Métropolitain', 'Réseau Express Métropolitain', '', '@REM_infoservice', '·', ""[Interruption planifiée] Ce soir, le service sera interrompu entre les stations Panama et Gare Centrale : à partir de 22 h, en direction de Gare Centrale et à partir de 23 h en direction de Brossard. Navettes d'autobus disponibles. \nEn savoir plus "", 'Interruption planifiée du service', '2', '2', '1', '3K']"
2023-12-08T14:42:18.000Z,"['Réseau Express Métropolitain', 'Réseau Express Métropolitain', '', '@REM_infoservice', '·', 'REM - Reprise du service normal dans les deux directions.', '3', '5', '2.5K']"
2023-12-08T14:17:09.000Z,"['Réseau Express Métropolitain', 'Réseau Express Métropolitain', '', '@REM_infoservice', '·', '[Interruption exceptionnelle] Le service est présentement interrompu, à la demande des équipes du pont Samuel-De Champlain afin de leur permettre de déneiger les pylônes du pont. Nous procéderons ensuite une inspection de la voie. Heure de reprise planifiée: 9h45', '1', '4', '3', '3.5K']"
2023-12-08T14:07:09.000Z,"['Réseau Express Métropolitain', 'Réseau Express Métropolitain', '', '@REM_infoservice', '·', ""(Interruption exceptionnelle) À la demande des équipes du pont Samuel-De Champlain, l'interruption de service prévue à 9 h est repoussée à plus tard en matinée. D'autres messages suivront aussitôt que nous recevons la confirmation du moment de leur déploiement."", '5', '4', '4', '3.6K']"
2023-12-08T13:46:29.000Z,"['Réseau Express Métropolitain', 'Réseau Express Métropolitain', '', '@REM_infoservice', '·', '[Interruption exceptionnelle] Le service sera interrompu à partir de 9 h, à la demande des équipes du pont Samuel-De Champlain afin de leur permettre de déneiger les pylônes du pont. Nous procéderons ensuite une inspection de la voie. Heure de reprise planifiée: 9 h 30', '3', '5', '2', '3K']"
2023-12-08T12:36:51.000Z,"['Réseau Express Métropolitain', 'Réseau Express Métropolitain', '', '@REM_infoservice', '·', '[Interruption exceptionnelle] Ce matin, le service sera interrompu à partir de 9 h, afin de permettre aux équipes du pont Samuel-De Champlain de déneiger les pylônes. Cela nécessitera ensuite une inspection sur la voie, pour la sécurité de tous. Heure de reprise planifiée: 9 h 30', '5', '6', '6', '8.3K']"
2023-12-07T12:02:33.000Z,"['Réseau Express Métropolitain', 'Réseau Express Métropolitain', '', '@REM_infoservice', '·', ""[Interruption planifiée] Ce soir, le service sera interrompu entre les stations Panama et Gare Centrale : à partir de 22 h, en direction de Gare Centrale et à partir de 23 h en direction de Brossard. Navettes d'autobus disponibles. \nEn savoir plus "", 'Interruption planifiée du service', '1', '2', '1.7K']"
2023-12-06T23:48:35.000Z,"['Réseau Express Métropolitain', 'Réseau Express Métropolitain', '', '@REM_infoservice', '·', ""(Interruption planifiée) Ce soir, le service sera interrompu entre les stations Panama et Gare Centrale : à partir de 22 h, en direction de Gare Centrale et à partir de 23 h 30 en direction de Brossard. Navettes d'autobus disponibles. En savoir plus "", 'Interruption planifiée du service', '1', '2', '1', '1.9K']"
2023-12-06T23:21:16.000Z,"['Réseau Express Métropolitain', 'Réseau Express Métropolitain', '', '@REM_infoservice', '·', 'Reprise du service normal dans les deux directions.', '3', '3', '1.5K']"
2023-12-06T23:13:19.000Z,"['Réseau Express Métropolitain', 'Réseau Express Métropolitain', '', '@REM_infoservice', '·', 'Reprise graduelle de service - Un problème technique avec le matériel roulant est maintenant résolu. Reprise en service normal prévu à 18h20.', '3', '3', '1.6K']"
2023-12-06T22:51:34.000Z,"['Réseau Express Métropolitain', 'Réseau Express Métropolitain', '', '@REM_infoservice', '·', 'Ralentissement de service - Un problème technique cause un ralentissement de service le réseau, dans les deux directions. Reprise en service normal prévu à 18h05.', '2', '4', '6', '3.1K']"
2023-12-06T22:44:50.000Z,"['Réseau Express Métropolitain', 'Réseau Express Métropolitain', '', '@REM_infoservice', '·', 'REM - Ralentissement de service sur la ligne A1 | Brossard-Gare Centrale. Direction: Gare Centrale. Cause: Incident.', '1', '5', '4', '2.2K']"
2023-12-06T15:33:38.000Z,"['Réseau Express Métropolitain', 'Réseau Express Métropolitain', '', '@REM_infoservice', '·', 'Incident de ralentissement de service résolu. Reprise graduelle du service en cours, dans les deux directions. Reprise du service normal prévu vers 11h00.', '3', '3', '2.1K']"
2023-12-06T12:02:27.000Z,"['Réseau Express Métropolitain', 'Réseau Express Métropolitain', '', '@REM_infoservice', '·', ""[Interruption planifiée] Ce soir, le service sera interrompu entre les stations Panama et Gare Centrale : à partir de 22 h, en direction de Gare Centrale et à partir de 23 h 30 en direction de Brossard. Navettes d'autobus disponibles. \nEn savoir plus "", 'Interruption planifiée du service', '1', '1', '1', '1.8K']"
2023-12-06T11:29:58.000Z,"['Réseau Express Métropolitain', 'Réseau Express Métropolitain', '', '@REM_infoservice', '·', 'REM - Service normal sur la ligne A1 | Brossard-Gare Centrale. Direction: Gare Centrale.', '1', '3', '1.7K']"
2023-12-06T11:18:13.000Z,"['Réseau Express Métropolitain', 'Réseau Express Métropolitain', '', '@REM_infoservice', '·', 'REM - Reprise graduelle de service dans les deux directions- Retour au service normal prévu à 6h30.', '3', '6', '2K']"
2023-12-06T10:31:28.000Z,"['Réseau Express Métropolitain', 'Réseau Express Métropolitain', '', '@REM_infoservice', '·', 'REM - Ralentissement de service sur la ligne A1 | Brossard-Gare Centrale. Direction: Gare Centrale. Cause: Incident.', '8', '4', '3', '8.1K']"
2023-12-05T12:02:14.000Z,"['Réseau Express Métropolitain', 'Réseau Express Métropolitain', '', '@REM_infoservice', '·', ""[Interruption planifiée] Ce soir, le service sera interrompu entre les stations Panama et Gare Centrale : à partir de 22 h, en direction de Gare Centrale et à partir de 23 h 30 en direction de Brossard. Navettes d'autobus disponibles. \nEn savoir plus "", 'Interruption planifiée du service', '2', '2', '1.9K']"
2023-12-04T14:37:08.000Z,"['Réseau Express Métropolitain', 'Réseau Express Métropolitain', '', '@REM_infoservice', '·', 'REM - Service normal à la station Du Quartier. Direction: A1-Brossard.', '2', '4', '2.7K']"
2023-12-04T14:36:45.000Z,"['Réseau Express Métropolitain', 'Réseau Express Métropolitain', '', '@REM_infoservice', '·', 'REM - Service normal à la station Brossard. Direction: Gare Centrale.', '1', '4', '2.2K']"
2023-12-04T14:36:22.000Z,"['Réseau Express Métropolitain', 'Réseau Express Métropolitain', '', '@REM_infoservice', '·', 'REM - Service normal sur la ligne A1 | Brossard-Gare Centrale. Direction: Gare Centrale.', '1', '2', '4', '2.6K']"
2023-12-04T13:59:16.000Z,"['Réseau Express Métropolitain', 'Réseau Express Métropolitain', '', '@REM_infoservice', '·', 'REM - Reprise graduelle de service à la station Du Quartier. Direction: A1-Brossard.', '1', '3', '2.2K']"
2023-12-04T13:58:55.000Z,"['Réseau Express Métropolitain', 'Réseau Express Métropolitain', '', '@REM_infoservice', '·', 'REM - Reprise graduelle de service à la station Brossard. Direction: Gare Centrale.', '1', '2', '1.7K']"
2023-12-04T13:51:52.000Z,"['Réseau Express Métropolitain', 'Réseau Express Métropolitain', '', '@REM_infoservice', '·', ""REM - Arrêt de service à la station Brossard. Direction: Gare Centrale. Cause: Incident.  Navettes d'autobus disponibles."", '1', '3', '2', '2.6K']"
2023-12-04T13:50:34.000Z,"['Réseau Express Métropolitain', 'Réseau Express Métropolitain', '', '@REM_infoservice', '·', ""REM - Arrêt de service à la station Du Quartier. Direction: A1-Brossard. Cause: Incident.  Navettes d'autobus disponibles."", '1', '1', '2', '2.3K']"
2023-12-04T13:49:55.000Z,"['Réseau Express Métropolitain', 'Réseau Express Métropolitain', '', '@REM_infoservice', '·', ""REM - Arrêt de service à la station Brossard. Direction: Gare Centrale.   Navettes d'autobus disponibles."", '2', '2', '1', '2.4K']"
2023-12-04T12:53:45.000Z,"['Réseau Express Métropolitain', 'Réseau Express Métropolitain', '', '@REM_infoservice', '·', 'REM - Reprise graduelle de service sur la ligne A1 | Brossard-Gare Centrale. Direction: Gare Centrale. Cause: Conditions climatiques.', '6', '4', '6', '5.3K']"
2023-12-04T12:28:28.000Z,"['Réseau Express Métropolitain', 'Réseau Express Métropolitain', '', '@REM_infoservice', '·', 'REM - Ralentissement de service sur la ligne A1 | Brossard-Gare Centrale. Direction: Gare Centrale. Cause: Conditions climatiques.', '28', '12', '9', '14K']"
2023-12-04T12:02:20.000Z,"['Réseau Express Métropolitain', 'Réseau Express Métropolitain', '', '@REM_infoservice', '·', ""[Interruption planifiée] Ce soir, le service sera interrompu entre les stations Panama et Gare Centrale : à partir de 22 h, en direction de Gare Centrale et à partir de 23 h en direction de Brossard. Navettes d'autobus disponibles. \nEn savoir plus "", 'Interruption planifiée du service', '2', '1', '2', '3.2K']"
2023-11-30T12:30:33.000Z,"['Réseau Express Métropolitain', 'Réseau Express Métropolitain', '', '@REM_infoservice', '·', ""[Interruption planifiée] Ce soir, le service sera interrompu entre les stations Panama et Gare Centrale : à partir de 22 h, en direction de Gare Centrale et à partir de 23 h en direction de Brossard. Navettes d'autobus disponibles. \nEn savoir plus "", 'Interruption planifiée du service', '2', '3', '2.2K']"
2023-11-29T12:30:29.000Z,"['Réseau Express Métropolitain', 'Réseau Express Métropolitain', '', '@REM_infoservice', '·', ""[Interruption planifiée] Ce soir, le service sera interrompu entre les stations Panama et Gare Centrale : à partir de 22 h, en direction de Gare Centrale et à partir de 23 h 30 en direction de Brossard. Navettes d'autobus disponibles. \nEn savoir plus "", 'Interruption planifiée du service', '2', '1', '3', '2.1K']"
2023-11-28T12:30:31.000Z,"['Réseau Express Métropolitain', 'Réseau Express Métropolitain', '', '@REM_infoservice', '·', ""[Interruption planifiée] Ce soir, le service sera interrompu entre les stations Panama et Gare Centrale : à partir de 22 h, en direction de Gare Centrale et à partir de 23 h 30 en direction de Brossard. Navettes d'autobus disponibles. \nEn savoir plus "", 'Interruption planifiée du service', '2', '2', '7', '3K']"
2023-11-24T14:03:52.000Z,"['Réseau Express Métropolitain', 'Réseau Express Métropolitain', '', '@REM_infoservice', '·', '[Samedi 25 novembre] En raison d’une mise à jour des systèmes, le réseau ouvrira à partir de 7 h 30. Navettes d’autobus disponibles dans les deux directions, entre Brossard et Gare Centrale,  de 5 h 30 à 7 h 30.', 'Plan de relève', '4', '6', '3.9K']"
2023-11-23T10:53:30.000Z,"['Réseau Express Métropolitain', 'Réseau Express Métropolitain', '', '@REM_infoservice', '·', 'REM - Service normal sur la ligne A1 | Brossard-Gare Centrale. Direction: Gare Centrale.', '1', '4', '2.1K']"
2023-11-23T10:35:35.000Z,"['Réseau Express Métropolitain', 'Réseau Express Métropolitain', '', '@REM_infoservice', '·', 'REM - Ralentissement de service sur la ligne A1 | Brossard-Gare Centrale. Direction: Gare Centrale.', '2', '2', '2.1K']"
2023-11-22T12:30:25.000Z,"['Réseau Express Métropolitain', 'Réseau Express Métropolitain', '', '@REM_infoservice', '·', ""[Interruption planifiée] Ce soir, le service sera interrompu entre les stations Panama et Gare Centrale : à partir de 22 h, en direction de Gare Centrale et à partir de 23 h 30 en direction de Brossard. Navettes d'autobus disponibles. \nEn savoir plus "", 'Interruption planifiée du service', '1', '3', '2K']"
2023-11-22T03:45:29.000Z,"['Réseau Express Métropolitain', 'Réseau Express Métropolitain', '', '@REM_infoservice', '·', 'REM - Service normal sur la ligne A1 | Brossard-Gare Centrale. Direction: Gare Centrale.', '3', '4', '1.9K']"
2023-11-22T02:34:06.000Z,"['Réseau Express Métropolitain', 'Réseau Express Métropolitain', '', '@REM_infoservice', '·', 'REM - Ralentissement de service sur la ligne A1 | Brossard-Gare Centrale. Direction: Gare Centrale.', '2', '2', '4', '2.5K']"
2023-11-22T02:32:24.000Z,"['Réseau Express Métropolitain', 'Réseau Express Métropolitain', '', '@REM_infoservice', '·', 'REM - Ralentissement de service sur la ligne A1 | Brossard-Gare Centrale. Direction: A1-Brossard.', '2', '2', '2', '2.9K']"
2023-11-19T13:30:18.000Z,"['Réseau Express Métropolitain', 'Réseau Express Métropolitain', '', '@REM_infoservice', '·', ""[Interruption planifiée] Ce soir, le service sera interrompu entre les stations Panama et Gare Centrale : à partir de 22 h, en direction de Gare Centrale et à partir de 23 h 30 en direction de Brossard. Navettes d'autobus disponibles. \nEn savoir plus "", 'Interruption planifiée du service', '3', '4', '2.1K']"
2023-11-18T21:25:37.000Z,"['Réseau Express Métropolitain', 'Réseau Express Métropolitain', '', '@REM_infoservice', '·', ""REM - Service non disponible pour l'ascenseur 1 à la station Gare Centrale."", '5', '3', '5', '3.1K']"
2023-11-18T18:34:15.000Z,"['Réseau Express Métropolitain', 'Réseau Express Métropolitain', '', '@REM_infoservice', '·', 'REM - Ascenseur 1 à la station Gare Centrale de retour à la normale.', '1', '5', '1.4K']"
2023-11-17T19:46:18.000Z,"['Réseau Express Métropolitain', 'Réseau Express Métropolitain', '', '@REM_infoservice', '·', ""REM - Service non disponible pour l'ascenseur 1 à la station Gare Centrale."", '2', '2', '1.5K']"
2023-11-17T14:03:30.000Z,"['Réseau Express Métropolitain', 'Réseau Express Métropolitain', '', '@REM_infoservice', '·', '[Samedi 18 novembre] Le réseau ouvrira à partir de 7 h 30 en raison d’une mise à jour des systèmes. Navettes d’autobus disponibles dans les deux directions, entre 5 h 30 et 7 h 30.', 'Plan de relève', '3', '3', '1.7K']"
2023-11-16T12:30:28.000Z,"['Réseau Express Métropolitain', 'Réseau Express Métropolitain', '', '@REM_infoservice', '·', ""[Interruption planifiée]  Ce soir, le service sera interrompu entre les stations Panama et Gare Centrale : à partir de 22 h, en direction de la Gare Centrale et à partir de 23 h en direction de Brossard. Navettes d'autobus disponibles. \nEn savoir plus "", 'Interruption planifiée du service', '1', '4', '1.8K']"
2023-11-14T12:49:53.000Z,"['Réseau Express Métropolitain', 'Réseau Express Métropolitain', '', '@REM_infoservice', '·', 'REM - Service normal à la station Brossard. Direction: Gare Centrale.', '1', '2', '1.9K']"
2023-11-14T12:30:25.000Z,"['Réseau Express Métropolitain', 'Réseau Express Métropolitain', '', '@REM_infoservice', '·', ""[Interruption planifiée] Ce soir, le service sera interrompu dès 22 h entre les stations Panama et Gare Centrale et à partir de 23 h entre Gare Centrale et Panama. Navettes d'autobus disponibles. \nEn savoir plus "", 'Interruption planifiée du service', '2', '1', '1.6K']"
2023-11-14T12:14:50.000Z,"['Réseau Express Métropolitain', 'Réseau Express Métropolitain', '', '@REM_infoservice', '·', 'REM - Reprise graduelle de service sur la ligne A1 | Brossard-Gare Centrale. Direction: A1-Brossard.', '1', '1', '2', '2K']"
2023-11-14T12:14:28.000Z,"['Réseau Express Métropolitain', 'Réseau Express Métropolitain', '', '@REM_infoservice', '·', 'REM - Reprise graduelle de service à la station Brossard. Direction: Gare Centrale.', '1', '2', '1.4K']"
2023-11-14T11:57:10.000Z,"['Réseau Express Métropolitain', 'Réseau Express Métropolitain', '', '@REM_infoservice', '·', 'REM - Ralentissement de service à la station Brossard. Direction: Gare Centrale.', '1', '1', '1.8K']"
2023-11-14T11:54:56.000Z,"['Réseau Express Métropolitain', 'Réseau Express Métropolitain', '', '@REM_infoservice', '·', 'REM - Ralentissement de service sur la ligne A1 | Brossard-Gare Centrale. Direction: A1-Brossard.', '3', '1', '3', '3.4K']"
2023-11-14T11:45:21.000Z,"['Réseau Express Métropolitain', 'Réseau Express Métropolitain', '', '@REM_infoservice', '·', 'REM - Ascenseur 1 à la station Gare Centrale de retour à la normale.', '1', '3', '1.4K']"
2023-11-14T11:20:18.000Z,"['Réseau Express Métropolitain', 'Réseau Express Métropolitain', '', '@REM_infoservice', '·', ""REM - Service non disponible pour l'ascenseur 1 à la station Gare Centrale."", '1', '1', '1.2K']"
2023-11-12T18:33:27.000Z,"['Réseau Express Métropolitain', 'Réseau Express Métropolitain', '', '@REM_infoservice', '·', 'REM - Ascenseur 1 à la station Gare Centrale de retour à la normale.', '1', '2', '1.5K']"
2023-11-12T17:07:38.000Z,"['Réseau Express Métropolitain', 'Réseau Express Métropolitain', '', '@REM_infoservice', '·', ""REM - Service non disponible pour l'ascenseur 1 à la station Gare Centrale."", '1', '2', '1.5K']"
2023-11-12T13:30:20.000Z,"['Réseau Express Métropolitain', 'Réseau Express Métropolitain', '', '@REM_infoservice', '·', ""[Interruption planifiée] Ce soir, le service sera interrompu dès 22 h entre les stations Panama et Gare Centrale et à partir de 23 h entre Gare Centrale et Panama. Navettes d'autobus disponibles. \nEn savoir plus  "", 'Interruption planifiée du service', '1', '1', '1', '1.8K']"
2023-11-12T11:17:16.000Z,"['Réseau Express Métropolitain', 'Réseau Express Métropolitain', '', '@REM_infoservice', '·', 'REM - Service normal sur la ligne A1 | Brossard-Gare Centrale. Direction: A1-Brossard.', '1', '4', '1.5K']"
2023-11-12T10:48:07.000Z,"['Réseau Express Métropolitain', 'Réseau Express Métropolitain', '', '@REM_infoservice', '·', 'REM - Ralentissement de service sur la ligne A1 | Brossard-Gare Centrale. Direction: A1-Brossard.', '2', '3', '1.7K']"
2023-11-11T14:21:05.000Z,"['Réseau Express Métropolitain', 'Réseau Express Métropolitain', '', '@REM_infoservice', '·', 'REM - Service normal sur la ligne A1 | Brossard-Gare Centrale. Direction: A1-Brossard.', '2', '4', '1.9K']"
2023-11-11T13:31:17.000Z,"['Réseau Express Métropolitain', 'Réseau Express Métropolitain', '', '@REM_infoservice', '·', 'REM - Reprise graduelle de service sur la ligne A1 | Brossard-Gare Centrale. Direction: A1-Brossard.', '1', '6', '2.2K']"
2023-11-11T12:38:39.000Z,"['Réseau Express Métropolitain', 'Réseau Express Métropolitain', '', '@REM_infoservice', '·', ""REM - Arrêt de service sur la ligne A1 | Brossard-Gare Centrale. Direction: A1-Brossard. Cause: Externe. Reprise prévue vers 08 h 30. Navettes d'autobus disponibles."", '2', '5', '6', '5.2K']"
2023-11-10T16:14:04.000Z,"['Réseau Express Métropolitain', 'Réseau Express Métropolitain', '', '@REM_infoservice', '·', 'REM - Ascenseur 1 à la station Panama de retour à la normale.', '1', '3', '1.5K']"
2023-11-10T14:03:29.000Z,"['Réseau Express Métropolitain', 'Réseau Express Métropolitain', '', '@REM_infoservice', '·', '[Samedi 11 novembre] Le réseau ouvrira exceptionnellement à partir de 7 h 30 en raison d’une mise à jour des systèmes. Navettes d’autobus disponibles.', 'Plan de relève', '2', '6', '3', '5K']"
2023-11-10T12:21:00.000Z,"['Réseau Express Métropolitain', 'Réseau Express Métropolitain', '', '@REM_infoservice', '·', 'REM - Service normal sur la ligne A1 | Brossard-Gare Centrale. Direction: A1-Brossard.', '2', '3', '2.8K']"
2023-11-10T08:15:12.000Z,"['Réseau Express Métropolitain', 'Réseau Express Métropolitain', '', '@REM_infoservice', '·', ""REM - Service non disponible pour l'ascenseur 1 à la station Panama."", '1', '2', '1.5K']"
2023-11-09T17:25:06.000Z,"['Réseau Express Métropolitain', 'Réseau Express Métropolitain', '', '@REM_infoservice', '·', 'REM - Ascenseur 1 à la station Gare Centrale de retour à la normale.', '2', '1', '3', '1.9K']"
2023-11-09T14:21:49.000Z,"['Réseau Express Métropolitain', 'Réseau Express Métropolitain', '', '@REM_infoservice', '·', 'REM - Service normal sur la ligne A1 | Brossard-Gare Centrale. Direction: A1-Brossard.', '1', '6', '2.4K']"
2023-11-09T14:01:27.000Z,"['Réseau Express Métropolitain', 'Réseau Express Métropolitain', '', '@REM_infoservice', '·', 'REM - Reprise graduelle de service sur la ligne A1 | Brossard-Gare Centrale. Direction: A1-Brossard.', '3', '6', '2', '3.4K']"
2023-11-09T13:56:15.000Z,"['Réseau Express Métropolitain', 'Réseau Express Métropolitain', '', '@REM_infoservice', '·', 'REM - Ralentissement de service sur la ligne A1 | Brossard-Gare Centrale. Direction: A1-Brossard.', '2', '3', '2', '3K']"
2023-11-09T12:39:37.000Z,"['Réseau Express Métropolitain', 'Réseau Express Métropolitain', '', '@REM_infoservice', '·', ""REM - Service non disponible pour l'ascenseur 1 à la station Gare Centrale."", '1', '1', '3', '2.3K']"
2023-11-07T18:33:25.000Z,"['Réseau Express Métropolitain', 'Réseau Express Métropolitain', '', '@REM_infoservice', '·', ""REM - Service non disponible pour l'ascenseur 1 à la station Gare Centrale."", '2', '3', '4', '3.6K']"
2023-11-07T12:30:28.000Z,"['Réseau Express Métropolitain', 'Réseau Express Métropolitain', '', '@REM_infoservice', '·', ""[Interruption planifiée] Ce soir, le service sera interrompu dès 22 h entre les stations Panama et Gare Centrale et à partir de 23 h entre Gare Centrale et Panama. Navettes d'autobus disponibles. \nEn savoir plus :"", 'Interruption planifiée du service', '1', '1', '2.4K']"
2023-11-07T10:27:19.000Z,"['Réseau Express Métropolitain', 'Réseau Express Métropolitain', '', '@REM_infoservice', '·', ""REM - Service non disponible pour l'ascenseur 3 à la station Brossard."", '1', '1', '2.5K']"
2023-11-06T09:55:24.000Z,"['Réseau Express Métropolitain', 'Réseau Express Métropolitain', '', '@REM_infoservice', '·', 'REM - Service normal sur la ligne A1 | Brossard-Gare Centrale. Direction: Gare Centrale.', '6', '1', '7', '4.8K']"
2023-11-06T09:40:04.000Z,"['Réseau Express Métropolitain', 'Réseau Express Métropolitain', '', '@REM_infoservice', '·', ""REM - Arrêt de service sur la ligne A1 | Brossard-Gare Centrale. Direction: Gare Centrale.  Reprise prévue vers 06 h 00. Navettes d'autobus disponibles."", '2', '2', '3.2K']"
2023-11-06T09:39:31.000Z,"['Réseau Express Métropolitain', 'Réseau Express Métropolitain', '', '@REM_infoservice', '·', ""REM - Arrêt de service sur la ligne A1 | Brossard-Gare Centrale. Direction: A1-Brossard.  Reprise prévue vers 06 h 00. Navettes d'autobus disponibles."", '3', '6', '12', '6.7K']"
2023-11-06T02:27:31.000Z,"['Réseau Express Métropolitain', 'Réseau Express Métropolitain', '', '@REM_infoservice', '·', 'REM - Service normal sur la ligne A1 | Brossard-Gare Centrale. Direction: A1-Brossard.', '2', '4', '2.7K']"
2023-11-06T02:13:59.000Z,"['Réseau Express Métropolitain', 'Réseau Express Métropolitain', '', '@REM_infoservice', '·', ""REM - Reprise graduelle de service sur la ligne A1 | Brossard-Gare Centrale. Direction: A1-Brossard.   Navettes d'autobus disponibles."", '1', '4', '4', '3.8K']"
2023-11-06T01:51:04.000Z,"['Réseau Express Métropolitain', 'Réseau Express Métropolitain', '', '@REM_infoservice', '·', ""REM - Arrêt de service sur la ligne A1 | Brossard-Gare Centrale. Direction: A1-Brossard.   Navettes d'autobus disponibles."", '6', '2', '3', '3.7K']"
2023-11-01T13:04:16.000Z,"['Réseau Express Métropolitain', 'Réseau Express Métropolitain', '', '@REM_infoservice', '·', 'REM - Service normal sur la ligne A1 | Brossard-Gare Centrale. Direction: A1-Brossard.', '3', '7', '4.1K']"
2023-11-01T11:07:50.000Z,"['Réseau Express Métropolitain', 'Réseau Express Métropolitain', '', '@REM_infoservice', '·', ""REM - Reprise graduelle de service sur la ligne A1 | Brossard-Gare Centrale. Direction: A1-Brossard.   Navettes d'autobus disponibles."", '13', '7', '14', '8.3K']"
2023-11-01T10:54:37.000Z,"['Réseau Express Métropolitain', 'Réseau Express Métropolitain', '', '@REM_infoservice', '·', ""REM - Arrêt de service sur la ligne A1 | Brossard-Gare Centrale. Direction: A1-Brossard.   Navettes d'autobus disponibles."", '24', '14', '12', '21K']"
2023-10-31T10:43:17.000Z,"['Réseau Express Métropolitain', 'Réseau Express Métropolitain', '', '@REM_infoservice', '·', 'REM - Service normal sur la ligne A1 | Brossard-Gare Centrale. Direction: A1-Brossard.', '4', '6', '6.2K']"
2023-10-30T23:05:56.000Z,"['Réseau Express Métropolitain', 'Réseau Express Métropolitain', '', '@REM_infoservice', '·', 'REM - Service normal à la station Gare Centrale.', '1', '3', '6', '5.3K']"
2023-10-30T23:05:23.000Z,"['Réseau Express Métropolitain', 'Réseau Express Métropolitain', '', '@REM_infoservice', '·', 'REM - Service normal à la station Îles-des-Soeurs.', '2', '4', '4K']"
2023-10-30T23:04:28.000Z,"['Réseau Express Métropolitain', 'Réseau Express Métropolitain', '', '@REM_infoservice', '·', 'REM - Service normal à la station Panama.', '3', '5', '3.8K']"
2023-10-30T22:37:20.000Z,"['Réseau Express Métropolitain', 'Réseau Express Métropolitain', '', '@REM_infoservice', '·', 'REM - Reprise graduelle de service à la station Gare Centrale.', '1', '2', '6', '4.8K']"
2023-10-30T22:37:02.000Z,"['Réseau Express Métropolitain', 'Réseau Express Métropolitain', '', '@REM_infoservice', '·', 'REM - Reprise graduelle de service à la station Îles-des-Soeurs.', '1', '2', '6', '3.6K']"
2023-10-30T21:26:27.000Z,"['Réseau Express Métropolitain', 'Réseau Express Métropolitain', '', '@REM_infoservice', '·', 'REM - Arrêt de service à la station Gare Centrale.', '31', '12', '11', '12K']"
2023-10-30T19:45:05.000Z,"['Réseau Express Métropolitain', 'Réseau Express Métropolitain', '', '@REM_infoservice', '·', 'REM - Arrêt de service sur la ligne A1 | Brossard-Gare Centrale. Direction: A1-Brossard.', '37', '12', '14', '13K']"
2023-10-30T14:50:31.000Z,"['Réseau Express Métropolitain', 'Réseau Express Métropolitain', '', '@REM_infoservice', '·', 'REM - Service normal sur la ligne A1 | Brossard-Gare Centrale. Direction: A1-Brossard.', '3', '4', '5.2K']"
2023-10-30T13:15:09.000Z,"['Réseau Express Métropolitain', 'Réseau Express Métropolitain', '', '@REM_infoservice', '·', 'REM - Reprise graduelle de service sur la ligne A1 | Brossard-Gare Centrale. Direction: A1-Brossard.', '2', '2', '4.9K']"
2023-10-30T12:21:01.000Z,"['Réseau Express Métropolitain', 'Réseau Express Métropolitain', '', '@REM_infoservice', '·', 'REM - Ralentissement de service sur la ligne A1 | Brossard-Gare Centrale. Direction: A1-Brossard.', '2', '2', '7', '5.9K']"
2023-10-28T21:55:52.000Z,"['Réseau Express Métropolitain', 'Réseau Express Métropolitain', '', '@REM_infoservice', '·', 'REM - Ascenseur 1 à la station Panama de retour à la normale.', '2', '3', '2.5K']"
2023-10-28T21:28:17.000Z,"['Réseau Express Métropolitain', 'Réseau Express Métropolitain', '', '@REM_infoservice', '·', ""REM - Service non disponible pour l'ascenseur 1 à la station Panama."", '2', '2', '2.1K']"
2023-10-28T04:50:58.000Z,"['Réseau Express Métropolitain', 'Réseau Express Métropolitain', '', '@REM_infoservice', '·', 'REM - Service normal sur la ligne A1 | Brossard-Gare Centrale. Direction: A1-Brossard.', '2', '3', '3K']"
2023-10-28T04:47:07.000Z,"['Réseau Express Métropolitain', 'Réseau Express Métropolitain', '', '@REM_infoservice', '·', 'REM - Arrêt de service sur la ligne A1 | Brossard-Gare Centrale. Direction: A1-Brossard.', '2', '3', '1.6K']"
2023-10-27T12:43:23.000Z,"['Réseau Express Métropolitain', 'Réseau Express Métropolitain', '', '@REM_infoservice', '·', 'REM - Service normal sur la ligne A1 | Brossard-Gare Centrale. Direction: A1-Brossard.', '1', '4', '1.7K']"
2023-10-27T12:42:58.000Z,"['Réseau Express Métropolitain', 'Réseau Express Métropolitain', '', '@REM_infoservice', '·', 'REM - Service normal sur la ligne A1 | Brossard-Gare Centrale. Direction: Gare Centrale.', '1', '4', '1.4K']"
2023-10-27T12:20:31.000Z,"['Réseau Express Métropolitain', 'Réseau Express Métropolitain', '', '@REM_infoservice', '·', 'REM - Reprise graduelle de service sur la ligne A1 | Brossard-Gare Centrale. Direction: Gare Centrale.', '2', '3', '4', '2.5K']"
2023-10-27T12:19:59.000Z,"['Réseau Express Métropolitain', 'Réseau Express Métropolitain', '', '@REM_infoservice', '·', 'REM - Reprise graduelle de service sur la ligne A1 | Brossard-Gare Centrale. Direction: A1-Brossard.', '3', '4', '2K']"
2023-10-27T11:28:36.000Z,"['Réseau Express Métropolitain', 'Réseau Express Métropolitain', '', '@REM_infoservice', '·', 'REM - Ralentissement de service sur la ligne A1 | Brossard-Gare Centrale. Direction: A1-Brossard.', '10', '3', '5', '3.8K']"
2023-10-27T11:28:16.000Z,"['Réseau Express Métropolitain', 'Réseau Express Métropolitain', '', '@REM_infoservice', '·', 'REM - Ralentissement de service sur la ligne A1 | Brossard-Gare Centrale. Direction: Gare Centrale.', '4', '4', '5', '3.4K']"
2023-10-26T12:03:12.000Z,"['Réseau Express Métropolitain', 'Réseau Express Métropolitain', '', '@REM_infoservice', '·', ""[Interruption planifiée] Ce soir, le service sera interrompu entre les stations Panama et Gare Centrale à partir de 22 h en direction de la Gare Centrale et de 23 h en direction de Brossard. Navettes d'autobus disponibles. "", 'État du service', '1', '2', '1.5K']"
2023-10-25T22:54:45.000Z,"['Réseau Express Métropolitain', 'Réseau Express Métropolitain', '', '@REM_infoservice', '·', 'REM - Ascenseur 2 à la station Du Quartier de retour à la normale.', '2', '6', '1.5K']"
2023-10-25T12:03:14.000Z,"['Réseau Express Métropolitain', 'Réseau Express Métropolitain', '', '@REM_infoservice', '·', ""[Interruption planifiée] Ce soir, le service sera interrompu entre les stations Panama et Gare Centrale à partir de 22 h en direction de la Gare Centrale et de 23 h en direction de Brossard. Navettes d'autobus disponibles. "", 'État du service', '2', '2', '1K']"
2023-10-25T11:55:14.000Z,"['Réseau Express Métropolitain', 'Réseau Express Métropolitain', '', '@REM_infoservice', '·', ""REM - Service non disponible pour l'ascenseur 2 à la station Du Quartier."", '1', '1', '851']"
2023-10-25T06:50:40.000Z,"['Réseau Express Métropolitain', 'Réseau Express Métropolitain', '', '@REM_infoservice', '·', 'REM - Service normal sur la ligne A1 | Brossard-Gare Centrale. Direction: Gare Centrale.', '1', '3', '956']"
2023-10-25T03:37:12.000Z,"['Réseau Express Métropolitain', 'Réseau Express Métropolitain', '', '@REM_infoservice', '·', 'REM - Reprise graduelle de service sur la ligne A1 | Brossard-Gare Centrale. Direction: Gare Centrale.', '1', '2', '1', '824']"
2023-10-25T03:22:51.000Z,"['Réseau Express Métropolitain', 'Réseau Express Métropolitain', '', '@REM_infoservice', '·', 'REM - Arrêt de service sur la ligne A1 | Brossard-Gare Centrale. Direction: Gare Centrale.', '2', '2', '1K']"
2023-10-25T03:01:13.000Z,"['Réseau Express Métropolitain', 'Réseau Express Métropolitain', '', '@REM_infoservice', '·', 'REM - Ascenseur 1 à la station Gare Centrale de retour à la normale.', '2', '3', '722']"
2023-10-25T01:49:55.000Z,"['Réseau Express Métropolitain', 'Réseau Express Métropolitain', '', '@REM_infoservice', '·', ""REM - Service non disponible pour l'ascenseur 1 à la station Gare Centrale."", '2', '2', '769']"
2023-10-24T12:03:00.000Z,"['Réseau Express Métropolitain', 'Réseau Express Métropolitain', '', '@REM_infoservice', '·', ""[Interruption planifiée] Ce soir, le service sera interrompu entre les stations Panama et Gare Centrale à partir de 22 h en direction de la Gare Centrale et de 23 h en direction de Brossard. Navettes d'autobus disponibles. "", 'État du service', '2', '5', '1.1K']"
2023-10-21T10:53:16.000Z,"['Réseau Express Métropolitain', 'Réseau Express Métropolitain', '', '@REM_infoservice', '·', 'REM - Service normal sur la ligne A1 | Brossard-Gare Centrale. Direction: Gare Centrale.', '1', '2', '854']"
2023-10-21T10:52:55.000Z,"['Réseau Express Métropolitain', 'Réseau Express Métropolitain', '', '@REM_infoservice', '·', 'REM - Service normal sur la ligne A1 | Brossard-Gare Centrale. Direction: A1-Brossard.', '1', '2', '788']"
2023-10-21T10:12:09.000Z,"['Réseau Express Métropolitain', 'Réseau Express Métropolitain', '', '@REM_infoservice', '·', 'REM - Reprise graduelle de service sur la ligne A1 | Brossard-Gare Centrale. Direction: A1-Brossard.', '1', '1', '782']"
2023-10-21T10:11:18.000Z,"['Réseau Express Métropolitain', 'Réseau Express Métropolitain', '', '@REM_infoservice', '·', 'REM - Reprise graduelle de service sur la ligne A1 | Brossard-Gare Centrale. Direction: Gare Centrale.', '1', '2', '737']"
2023-10-21T09:59:05.000Z,"['Réseau Express Métropolitain', 'Réseau Express Métropolitain', '', '@REM_infoservice', '·', 'REM - Ralentissement de service sur la ligne A1 | Brossard-Gare Centrale. Direction: Gare Centrale.', '1', '2', '667']"
2023-10-21T09:58:19.000Z,"['Réseau Express Métropolitain', 'Réseau Express Métropolitain', '', '@REM_infoservice', '·', 'REM - Ralentissement de service sur la ligne A1 | Brossard-Gare Centrale. Direction: A1-Brossard.', '1', '2', '798']"
2023-10-17T19:37:56.000Z,"['Réseau Express Métropolitain', 'Réseau Express Métropolitain', '', '@REM_infoservice', '·', ""[Interruption planifiée] En raison de travaux, le service sera interrompu entre les stations Panama et Gare Centrale ce soir à partir de 22 h en direction de la Gare Centrale et de 23 h en direction de A1-Brossard. Navettes d'autobus disponibles. "", 'http://rem.info/service', 'http://', '1', '5', '1.6K']"
2023-10-14T21:40:53.000Z,"['Réseau Express Métropolitain', 'Réseau Express Métropolitain', '', '@REM_infoservice', '·', 'REM - Service normal sur la ligne A1 | Brossard-Gare Centrale. Direction: A1-Brossard.', '2', '4', '1.6K']"
2023-10-14T21:30:14.000Z,"['Réseau Express Métropolitain', 'Réseau Express Métropolitain', '', '@REM_infoservice', '·', 'REM - Ralentissement de service sur la ligne A1 | Brossard-Gare Centrale. Direction: A1-Brossard.', '2', '2', '1.8K']"
2023-10-12T22:20:10.000Z,"['Réseau Express Métropolitain', 'Réseau Express Métropolitain', '', '@REM_infoservice', '·', 'REM - Ascenseur 1 à la station Brossard de retour à la normale.', '1', '2', '1.3K']"
2023-10-12T21:24:13.000Z,"['Réseau Express Métropolitain', 'Réseau Express Métropolitain', '', '@REM_infoservice', '·', ""REM - Service non disponible pour l'ascenseur 1 à la station Brossard. Passez par l'ascenseur au stationnement P2."", '2', '1', '1.2K']"
2023-10-12T17:55:04.000Z,"['Réseau Express Métropolitain', 'Réseau Express Métropolitain', '', '@REM_infoservice', '·', 'REM - Service normal sur la ligne A1 | Brossard-Gare Centrale. Direction: A1-Brossard.', '1', '2', '1.5K']"
2023-10-12T17:48:55.000Z,"['Réseau Express Métropolitain', 'Réseau Express Métropolitain', '', '@REM_infoservice', '·', 'REM - Reprise graduelle de service sur la ligne A1 | Brossard-Gare Centrale. Direction: A1-Brossard.', '2', '3', '1', '2.7K']"
2023-10-12T17:20:52.000Z,"['Réseau Express Métropolitain', 'Réseau Express Métropolitain', '', '@REM_infoservice', '·', 'REM - Ralentissement de service sur la ligne A1 | Brossard-Gare Centrale. Direction: A1-Brossard.', '3', '1', '1.5K']"
2023-10-11T10:29:37.000Z,"['Réseau Express Métropolitain', 'Réseau Express Métropolitain', '', '@REM_infoservice', '·', 'REM - Service normal sur la ligne A1 | Brossard-Gare Centrale. Direction: A1-Brossard.', '1', '2', '2', '1.6K']"
2023-10-11T10:19:10.000Z,"['Réseau Express Métropolitain', 'Réseau Express Métropolitain', '', '@REM_infoservice', '·', 'REM - Reprise graduelle de service sur la ligne A1 | Brossard-Gare Centrale. Direction: A1-Brossard.', '2', '1', '1.5K']"
2023-10-11T10:08:26.000Z,"['Réseau Express Métropolitain', 'Réseau Express Métropolitain', '', '@REM_infoservice', '·', ""REM - Ralentissement de service sur la ligne A1 | Brossard-Gare Centrale. Direction: A1-Brossard.   Navettes d'autobus disponibles."", '1', '2', '3', '2.4K']"
2023-10-11T09:31:46.000Z,"['Réseau Express Métropolitain', 'Réseau Express Métropolitain', '', '@REM_infoservice', '·', 'REM - Ralentissement de service sur la ligne A1 | Brossard-Gare Centrale. Direction: A1-Brossard.', '1', '1', '1.5K']"
2023-10-09T21:24:12.000Z,"['Réseau Express Métropolitain', 'Réseau Express Métropolitain', '', '@REM_infoservice', '·', 'REM - Service normal sur la ligne A1 | Brossard-Gare Centrale. Direction: A1-Brossard.', '1', '3', '1.5K']"
2023-10-09T20:36:22.000Z,"['Réseau Express Métropolitain', 'Réseau Express Métropolitain', '', '@REM_infoservice', '·', 'REM - Ralentissement de service sur la ligne A1 | Brossard-Gare Centrale. Direction: A1-Brossard.', '2', '3', '1.6K']"
2023-10-09T20:20:19.000Z,"['Réseau Express Métropolitain', 'Réseau Express Métropolitain', '', '@REM_infoservice', '·', 'REM - Arrêt de service sur la ligne A1 | Brossard-Gare Centrale. Direction: A1-Brossard.', '1', '2', '1.8K']"
2023-10-09T09:55:41.000Z,"['Réseau Express Métropolitain', 'Réseau Express Métropolitain', '', '@REM_infoservice', '·', 'REM - Reprise graduelle de service sur la ligne A1 | Brossard-Gare Centrale. Direction: A1-Brossard.', '1', '1', '6', '2.3K']"
2023-10-09T09:51:14.000Z,"['Réseau Express Métropolitain', 'Réseau Express Métropolitain', '', '@REM_infoservice', '·', 'REM - Arrêt de service sur la ligne A1 | Brossard-Gare Centrale. Direction: A1-Brossard. Cause: Incident.', '1', '1', '2', '1.4K']"
2023-10-09T00:56:38.000Z,"['Réseau Express Métropolitain', 'Réseau Express Métropolitain', '', '@REM_infoservice', '·', 'REM - Service normal sur la ligne A1 | Brossard-Gare Centrale. Direction: A1-Brossard.', '1', '4', '1.7K']"
2023-10-08T19:13:17.000Z,"['Réseau Express Métropolitain', 'Réseau Express Métropolitain', '', '@REM_infoservice', '·', 'REM - Reprise graduelle de service sur la ligne A1 | Brossard-Gare Centrale. Direction: A1-Brossard.', '2', '3', '1.8K']"
2023-10-08T18:43:55.000Z,"['Réseau Express Métropolitain', 'Réseau Express Métropolitain', '', '@REM_infoservice', '·', 'REM - Ralentissement de service sur la ligne A1 | Brossard-Gare Centrale. Direction: A1-Brossard.', '1', '2', '4', '2.1K']"
2023-10-06T14:39:43.000Z,"['Réseau Express Métropolitain', 'Réseau Express Métropolitain', '', '@REM_infoservice', '·', 'Lundi le 9 octobre le REM sera ouvert selon l’horaire du dimanche en raison de l’Action de grâce. ', ' Infos sur les horaires et fériés : ', 'https://rem.info/fr/se-deplacer/horaire-de-service…', 'https://', '/horaire-de-service', '…', '3', '4', '1.7K']"
2023-10-05T00:44:09.000Z,"['Réseau Express Métropolitain', 'Réseau Express Métropolitain', '', '@REM_infoservice', '·', 'REM - Ascenseur 1 à la station Gare Centrale de retour à la normale.', '1', '1', '2', '1.8K']"
2023-10-04T12:30:23.000Z,"['Réseau Express Métropolitain', 'Réseau Express Métropolitain', '', '@REM_infoservice', '·', 'REM - Ascenseur 3 à la station Brossard de retour à la normale.', '1', '4', '1.4K']"
2023-10-04T12:18:42.000Z,"['Réseau Express Métropolitain', 'Réseau Express Métropolitain', '', '@REM_infoservice', '·', ""REM - Service non disponible pour l'ascenseur 3 à la station Brossard."", '1', '1', '1K']"
2023-10-04T10:37:42.000Z,"['Réseau Express Métropolitain', 'Réseau Express Métropolitain', '', '@REM_infoservice', '·', ""REM - Service non disponible pour l'ascenseur 1 à la station Gare Centrale."", '1', '1', '1.2K']"
2023-10-04T10:23:16.000Z,"['Réseau Express Métropolitain', 'Réseau Express Métropolitain', '', '@REM_infoservice', '·', 'REM - Service normal sur la ligne A1 | Brossard-Gare Centrale. Direction: A1-Brossard.', '1', '3', '983']"
2023-10-04T10:15:55.000Z,"['Réseau Express Métropolitain', 'Réseau Express Métropolitain', '', '@REM_infoservice', '·', 'REM - Reprise graduelle de service sur la ligne A1 | Brossard-Gare Centrale. Direction: A1-Brossard.', '1', '1', '948']"
2023-10-04T09:55:16.000Z,"['Réseau Express Métropolitain', 'Réseau Express Métropolitain', '', '@REM_infoservice', '·', 'REM - Ralentissement de service sur la ligne A1 | Brossard-Gare Centrale. Direction: A1-Brossard.', '1', '1', '2', '1.7K']"
2023-10-03T17:10:00.000Z,"['Réseau Express Métropolitain', 'Réseau Express Métropolitain', '', '@REM_infoservice', '·', 'REM - Ascenseur 3 à la station Brossard de retour à la normale.', '1', '5', '1.2K']"
2023-10-03T07:57:55.000Z,"['Réseau Express Métropolitain', 'Réseau Express Métropolitain', '', '@REM_infoservice', '·', ""REM - Service non disponible pour l'ascenseur 3 à la station Brossard."", '1', '1', '884']"
2023-10-03T05:46:00.000Z,"['Réseau Express Métropolitain', 'Réseau Express Métropolitain', '', '@REM_infoservice', '·', 'REM - Ascenseur 1 à la station Panama de retour à la normale.', '1', '2', '823']"
2023-10-03T04:04:32.000Z,"['Réseau Express Métropolitain', 'Réseau Express Métropolitain', '', '@REM_infoservice', '·', ""REM - Service non disponible pour l'ascenseur 1 à la station Panama."", '1', '1', '898']"
2023-10-02T19:44:31.000Z,"['Réseau Express Métropolitain', 'Réseau Express Métropolitain', '', '@REM_infoservice', '·', 'REM - Ascenseur 3 à la station Brossard de retour à la normale.', '1', '3', '1K']"
2023-10-02T16:20:04.000Z,"['Réseau Express Métropolitain', 'Réseau Express Métropolitain', '', '@REM_infoservice', '·', ""REM - Service non disponible pour l'ascenseur 3 à la station Brossard."", '1', '1', '1K']"
2023-10-02T16:18:19.000Z,"['Réseau Express Métropolitain', 'Réseau Express Métropolitain', '', '@REM_infoservice', '·', 'REM - Ascenseur 2 à la station Îles-des-Soeurs de retour à la normale.', '1', '1', '865']"
2023-10-01T23:20:46.000Z,"['Réseau Express Métropolitain', 'Réseau Express Métropolitain', '', '@REM_infoservice', '·', ""REM - Service non disponible pour l'ascenseur 2 à la station Îles-des-Soeurs. Service non disponible en direction Brossard."", '1', '2', '1.5K']"
2023-10-01T20:10:32.000Z,"['Réseau Express Métropolitain', 'Réseau Express Métropolitain', '', '@REM_infoservice', '·', 'REM - Ascenseur 3 à la station Brossard de retour à la normale.', '1', '1', '2', '1.7K']"
2023-09-28T20:46:09.000Z,"['Réseau Express Métropolitain', 'Réseau Express Métropolitain', '', '@REM_infoservice', '·', 'REM - Ascenseur 2 à la station Îles-des-Soeurs de retour à la normale.', '1', '3', '1.2K']"
2023-09-26T16:27:06.000Z,"['Réseau Express Métropolitain', 'Réseau Express Métropolitain', '', '@REM_infoservice', '·', ""REM - Service non disponible pour l'ascenseur 2 à la station Îles-des-Soeurs. Service non disponible en direction Brossard."", '1', '2', '1.8K']"
2023-09-21T20:35:46.000Z,"['Réseau Express Métropolitain', 'Réseau Express Métropolitain', '', '@REM_infoservice', '·', 'REM - Service normal sur la ligne A1 | Brossard-Gare Centrale. Direction: A1-Brossard.', '1', '1', '5', '1.9K']"
2023-09-21T20:16:40.000Z,"['Réseau Express Métropolitain', 'Réseau Express Métropolitain', '', '@REM_infoservice', '·', 'REM - Reprise graduelle de service sur la ligne A1 | Brossard-Gare Centrale. Direction: A1-Brossard.', '2', '1', '3', '2.4K']"
2023-09-21T00:09:07.000Z,"['Réseau Express Métropolitain', 'Réseau Express Métropolitain', '', '@REM_infoservice', '·', 'REM - Ascenseur 1 à la station Du Quartier de retour à la normale.', '1', '2', '1.5K']"
2023-09-20T19:08:38.000Z,"['Réseau Express Métropolitain', 'Réseau Express Métropolitain', '', '@REM_infoservice', '·', 'REM - Ascenseur 2 à la station Du Quartier de retour à la normale.', '1', '1', '1.1K']"
2023-09-20T17:14:49.000Z,"['Réseau Express Métropolitain', 'Réseau Express Métropolitain', '', '@REM_infoservice', '·', ""REM - Service non disponible pour l'ascenseur 2 à la station Du Quartier."", '1', '1', '1.1K']"
2023-09-20T08:27:19.000Z,"['Réseau Express Métropolitain', 'Réseau Express Métropolitain', '', '@REM_infoservice', '·', ""REM - Service non disponible pour l'ascenseur 1 à la station Du Quartier. Passez par l'entrée Solar Uniquartier."", '1', '1', '1.1K']"
2023-09-18T17:59:06.000Z,"['Réseau Express Métropolitain', 'Réseau Express Métropolitain', '', '@REM_infoservice', '·', 'REM - Ascenseur 2 à la station Îles-des-Soeurs de retour à la normale.', '1', '3', '1.3K']"
2023-09-17T13:08:11.000Z,"['Réseau Express Métropolitain', 'Réseau Express Métropolitain', '', '@REM_infoservice', '·', ""REM - Service non disponible pour l'ascenseur 2 à la station Îles-des-Soeurs. Service non disponible en direction Brossard."", '2', '1', '4', '2.6K']"
2023-09-16T10:10:54.000Z,"['Réseau Express Métropolitain', 'Réseau Express Métropolitain', '', '@REM_infoservice', '·', 'REM - Ascenseur 3 à la station Brossard de retour à la normale.', '1', '2', '1.4K']"
2023-09-15T10:29:40.000Z,"['Réseau Express Métropolitain', 'Réseau Express Métropolitain', '', '@REM_infoservice', '·', 'REM - Ascenseur 2 à la station Îles-des-Soeurs de retour à la normale.', '1', '3', '1.4K']"
2023-09-15T09:59:07.000Z,"['Réseau Express Métropolitain', 'Réseau Express Métropolitain', '', '@REM_infoservice', '·', ""REM - Service non disponible pour l'ascenseur 3 à la station Brossard."", '1', '1', '1.2K']"
2023-09-13T17:34:24.000Z,"['Réseau Express Métropolitain', 'Réseau Express Métropolitain', '', '@REM_infoservice', '·', ""REM - Service non disponible pour l'ascenseur 2 à la station Îles-des-Soeurs. Service non disponible en direction Brossard."", '1', '2', '2', '2.2K']"
2023-09-10T21:30:20.000Z,"['Réseau Express Métropolitain', 'Réseau Express Métropolitain', '', '@REM_infoservice', '·', 'REM - Ralentissement de service sur la ligne A1 | Brossard-Gare Centrale. Direction: Gare Centrale.', '1', '2', '2', '2.4K']"
2023-09-10T14:48:16.000Z,"['Réseau Express Métropolitain', 'Réseau Express Métropolitain', '', '@REM_infoservice', '·', 'REM - Service normal sur la ligne A1 | Brossard-Gare Centrale. Direction: A1-Brossard.', '1', '2', '1.8K']"
2023-09-10T14:26:29.000Z,"['Réseau Express Métropolitain', 'Réseau Express Métropolitain', '', '@REM_infoservice', '·', 'REM - Ralentissement de service sur la ligne A1 | Brossard-Gare Centrale. Direction: A1-Brossard.', '2', '1', '1.7K']"
2023-09-10T14:14:02.000Z,"['Réseau Express Métropolitain', 'Réseau Express Métropolitain', '', '@REM_infoservice', '·', 'REM - Reprise graduelle de service sur la ligne A1 | Brossard-Gare Centrale. Direction: A1-Brossard.', '1', '1', '2', '2.3K']"
2023-09-09T00:05:09.000Z,"['Réseau Express Métropolitain', 'Réseau Express Métropolitain', '', '@REM_infoservice', '·', 'REM - Ascenseur 1 à la station Gare Centrale de retour à la normale.', '1', '2', '4', '2.5K']"
2023-09-08T20:52:22.000Z,"['Réseau Express Métropolitain', 'Réseau Express Métropolitain', '', '@REM_infoservice', '·', ""REM - Service non disponible pour l'ascenseur 1 à la station Gare Centrale."", '1.3K']"
2023-09-08T14:03:07.000Z,"['Réseau Express Métropolitain', 'Réseau Express Métropolitain', '', '@REM_infoservice', '·', 'REM - Ascenseur 2 à la station Îles-des-Soeurs de retour à la normale.', '1.1K']"
2023-09-08T12:10:45.000Z,"['Réseau Express Métropolitain', 'Réseau Express Métropolitain', '', '@REM_infoservice', '·', ""REM - Service non disponible pour l'ascenseur 2 à la station Îles-des-Soeurs. Service non disponible en direction Brossard."", '1', '1', '1.6K']"
2023-09-07T02:32:43.000Z,"['Réseau Express Métropolitain', 'Réseau Express Métropolitain', '', '@REM_infoservice', '·', 'REM - Ascenseur 2 à la station Du Quartier de retour à la normale.', '1', '2', '1.3K']"
2023-09-07T02:28:33.000Z,"['Réseau Express Métropolitain', 'Réseau Express Métropolitain', '', '@REM_infoservice', '·', ""REM - Service non disponible pour l'ascenseur 2 à la station Du Quartier."", '1', '1', '1.2K']"
2023-09-07T02:28:07.000Z,"['Réseau Express Métropolitain', 'Réseau Express Métropolitain', '', '@REM_infoservice', '·', 'REM - Ascenseur 1 à la station Gare Centrale de retour à la normale.', '1', '2', '1.1K']"
2023-09-06T16:07:11.000Z,"['Réseau Express Métropolitain', 'Réseau Express Métropolitain', '', '@REM_infoservice', '·', ""REM - Service non disponible pour l'ascenseur 1 à la station Gare Centrale."", '3', '2', '1', '3.1K']"
2023-09-06T14:40:05.000Z,"['Réseau Express Métropolitain', 'Réseau Express Métropolitain', '', '@REM_infoservice', '·', 'REM - Service normal sur la ligne A1 | Brossard-Gare Centrale. Direction: A1-Brossard.', '3', '5', '1.9K']"
2023-09-06T14:19:49.000Z,"['Réseau Express Métropolitain', 'Réseau Express Métropolitain', '', '@REM_infoservice', '·', 'REM - Ralentissement de service sur la ligne A1 | Brossard-Gare Centrale. Direction: A1-Brossard. Cause: Incident.', '1', '4', '3', '4.4K']"
2023-09-06T02:50:49.000Z,"['Réseau Express Métropolitain', 'Réseau Express Métropolitain', '', '@REM_infoservice', '·', ""REM - Service non disponible pour l'ascenseur 2 à la station Du Quartier."", '1', '2', '1', '1.7K']"
2023-09-06T00:55:15.000Z,"['Réseau Express Métropolitain', 'Réseau Express Métropolitain', '', '@REM_infoservice', '·', 'REM - Service normal sur la ligne A1 | Brossard-Gare Centrale. Direction: A1-Brossard.', '1', '2', '3', '2.1K']"
2023-09-06T00:42:50.000Z,"['Réseau Express Métropolitain', 'Réseau Express Métropolitain', '', '@REM_infoservice', '·', 'REM - Reprise graduelle de service sur la ligne A1 | Brossard-Gare Centrale. Direction: A1-Brossard.', '1', '4', '6', '3.2K']"
2023-09-04T20:39:15.000Z,"['Réseau Express Métropolitain', 'Réseau Express Métropolitain', '', '@REM_infoservice', '·', 'REM - Ascenseur 1 à la station Du Quartier de retour à la normale.', '2', '1', '3', '1.8K']"
2023-09-04T14:53:58.000Z,"['Réseau Express Métropolitain', 'Réseau Express Métropolitain', '', '@REM_infoservice', '·', 'REM - Ascenseur 2 à la station Brossard de retour à la normale.', '2', '3', '1.9K']"
2023-09-04T12:32:35.000Z,"['Réseau Express Métropolitain', 'Réseau Express Métropolitain', '', '@REM_infoservice', '·', ""REM - Service non disponible pour l'ascenseur 1 à la station Du Quartier. Passez par l'entrée Solar Uniquartier."", '2', '1', '1.7K']"
2023-09-03T23:36:48.000Z,"['Réseau Express Métropolitain', 'Réseau Express Métropolitain', '', '@REM_infoservice', '·', ""REM - Service non disponible pour l'ascenseur 2 à la station Brossard. Aucun service disponible."", '1', '1', '1.7K']"
2023-09-03T17:59:34.000Z,"['Réseau Express Métropolitain', 'Réseau Express Métropolitain', '', '@REM_infoservice', '·', 'REM - Ascenseur 2 à la station Du Quartier de retour à la normale.', '1', '2', '1.5K']"
2023-09-03T14:44:47.000Z,"['Réseau Express Métropolitain', 'Réseau Express Métropolitain', '', '@REM_infoservice', '·', ""REM - Service non disponible pour l'ascenseur 2 à la station Du Quartier."", '1', '1', '1', '1.5K']"
2023-09-02T19:36:19.000Z,"['Réseau Express Métropolitain', 'Réseau Express Métropolitain', '', '@REM_infoservice', '·', 'REM - Ascenseur 2 à la station Brossard de retour à la normale.', '1', '2', '1.6K']"
2023-09-02T15:23:27.000Z,"['Réseau Express Métropolitain', 'Réseau Express Métropolitain', '', '@REM_infoservice', '·', ""REM - Service non disponible pour l'ascenseur 2 à la station Brossard. Aucun service disponible."", '1', '2', '1.8K']"
2023-08-31T22:51:31.000Z,"['Réseau Express Métropolitain', 'Réseau Express Métropolitain', '', '@REM_infoservice', '·', 'REM - Service normal sur la ligne A1 | Brossard-Gare Centrale. Direction: A1-Brossard.', '1', '2', '1.6K']"
2023-08-31T22:37:12.000Z,"['Réseau Express Métropolitain', 'Réseau Express Métropolitain', '', '@REM_infoservice', '·', 'REM - Reprise graduelle de service sur la ligne A1 | Brossard-Gare Centrale. Direction: A1-Brossard.', '1', '2', '1.6K']"
2023-08-31T22:26:54.000Z,"['Réseau Express Métropolitain', 'Réseau Express Métropolitain', '', '@REM_infoservice', '·', 'REM - Ralentissement de service sur la ligne A1 | Brossard-Gare Centrale. Direction: A1-Brossard.', '5', '1', '3', '2K']"
2023-08-30T19:26:32.000Z,"['Réseau Express Métropolitain', 'Réseau Express Métropolitain', '', '@REM_infoservice', '·', 'REM - Service normal sur la ligne A1 | Brossard-Gare Centrale. Direction: A1-Brossard.', '1', '2', '6', '2.8K']"
2023-08-30T19:22:00.000Z,"['Réseau Express Métropolitain', 'Réseau Express Métropolitain', '', '@REM_infoservice', '·', 'REM - Reprise graduelle de service sur la ligne A1 | Brossard-Gare Centrale. Direction: A1-Brossard.', '4', '5', '2.6K']"
2023-08-30T18:37:07.000Z,"['Réseau Express Métropolitain', 'Réseau Express Métropolitain', '', '@REM_infoservice', '·', ""REM - Ralentissement de service sur la ligne A1 | Brossard-Gare Centrale. Direction: A1-Brossard. Cause: Incident.  Navettes d'autobus disponibles."", '4', '5', '3', '3.7K']"
2023-08-30T18:14:01.000Z,"['Réseau Express Métropolitain', 'Réseau Express Métropolitain', '', '@REM_infoservice', '·', 'REM - Ralentissement de service sur la ligne A1 | Brossard-Gare Centrale. Direction: A1-Brossard. Cause: Incident.', '3', '3', '3', '3.5K']"
2023-08-29T15:37:28.000Z,"['Réseau Express Métropolitain', 'Réseau Express Métropolitain', '', '@REM_infoservice', '·', 'REM - Ascenseur 1 à la station Panama de retour à la normale.', '1', '1', '2K']"
2023-08-29T15:24:11.000Z,"['Réseau Express Métropolitain', 'Réseau Express Métropolitain', '', '@REM_infoservice', '·', ""REM - Service non disponible pour l'ascenseur 1 à la station Panama."", '1', '1', '1.6K']"
2023-08-28T10:23:59.000Z,"['Réseau Express Métropolitain', 'Réseau Express Métropolitain', '', '@REM_infoservice', '·', 'REM - Service normal sur la ligne A1 | Brossard-Gare Centrale. Direction: A1-Brossard.', '2', '5', '2.5K']"
2023-08-28T09:38:30.000Z,"['Réseau Express Métropolitain', 'Réseau Express Métropolitain', '', '@REM_infoservice', '·', 'REM - Ralentissement de service sur la ligne A1 | Brossard-Gare Centrale. Direction: A1-Brossard.', '1', '2', '1', '1.9K']"
2023-08-27T03:46:39.000Z,"['Réseau Express Métropolitain', 'Réseau Express Métropolitain', '', '@REM_infoservice', '·', 'REM - Ascenseur 2 à la station Îles-des-Soeurs de retour à la normale.', '1', '2', '1.6K']"
2023-08-27T02:08:41.000Z,"['Réseau Express Métropolitain', 'Réseau Express Métropolitain', '', '@REM_infoservice', '·', ""REM - Service non disponible pour l'ascenseur 2 à la station Îles-des-Soeurs. Service non disponible en direction Brossard."", '2', '1', '1.6K']"
2023-08-27T00:25:35.000Z,"['Réseau Express Métropolitain', 'Réseau Express Métropolitain', '', '@REM_infoservice', '·', 'REM - Ascenseur 1 à la station Gare Centrale de retour à la normale.', '1', '7', '1.8K']"
2023-08-26T22:52:24.000Z,"['Réseau Express Métropolitain', 'Réseau Express Métropolitain', '', '@REM_infoservice', '·', ""REM - Service non disponible pour l'ascenseur 1 à la station Gare Centrale."", '2', '4', '3', '5.3K']"
2023-08-26T15:22:28.000Z,"['Réseau Express Métropolitain', 'Réseau Express Métropolitain', '', '@REM_infoservice', '·', 'REM - Ascenseur 3 à la station Brossard de retour à la normale.', '1', '5', '1.5K']"
2023-08-25T20:54:44.000Z,"['Réseau Express Métropolitain', 'Réseau Express Métropolitain', '', '@REM_infoservice', '·', 'REM - Ascenseur 1 à la station Gare Centrale de retour à la normale.', '2', '2', '13', '2.5K']"
2023-08-24T09:09:52.000Z,"['Réseau Express Métropolitain', 'Réseau Express Métropolitain', '', '@REM_infoservice', '·', 'REM - Service normal sur la ligne A1 | Brossard-Gare Centrale. Direction: A1-Brossard.', '5', '2.2K']"
2023-08-24T04:07:05.000Z,"['Réseau Express Métropolitain', 'Réseau Express Métropolitain', '', '@REM_infoservice', '·', ""REM - Arrêt de service sur la ligne A1 | Brossard-Gare Centrale. Direction: A1-Brossard.   Navettes d'autobus disponibles."", '1', '3', '2.3K']"
2023-08-24T03:24:29.000Z,"['Réseau Express Métropolitain', 'Réseau Express Métropolitain', '', '@REM_infoservice', '·', 'REM - Arrêt de service sur la ligne A1 | Brossard-Gare Centrale. Direction: A1-Brossard.', '1', '3.6K']"
2023-08-24T03:11:43.000Z,"['Réseau Express Métropolitain', 'Réseau Express Métropolitain', '', '@REM_infoservice', '·', 'REM - Ralentissement de service sur la ligne A1 | Brossard-Gare Centrale. Direction: A1-Brossard.', '1', '1', '1.8K']"
2023-08-19T23:27:42.000Z,"['Réseau Express Métropolitain', 'Réseau Express Métropolitain', '', '@REM_infoservice', '·', 'REM - Reprise graduelle de service sur la ligne A1 | Brossard-Gare Centrale. Direction: A1-Brossard.', '1', '1', '5', '3.9K']"
2023-08-19T23:27:14.000Z,"['Réseau Express Métropolitain', 'Réseau Express Métropolitain', '', '@REM_infoservice', '·', 'REM - Reprise graduelle de service à la station Brossard. Direction: Gare Centrale.', '1', '2', '2.3K']"
2023-08-19T23:08:30.000Z,"['Réseau Express Métropolitain', 'Réseau Express Métropolitain', '', '@REM_infoservice', '·', 'REM - Ralentissement de service à la station Brossard. Direction: Gare Centrale.', '1', '2', '2', '2.6K']"
2023-08-19T23:08:01.000Z,"['Réseau Express Métropolitain', 'Réseau Express Métropolitain', '', '@REM_infoservice', '·', 'REM - Ralentissement de service sur la ligne A1 | Brossard-Gare Centrale. Direction: A1-Brossard.', '2', '2', '2.3K']"
2023-08-17T20:15:13.000Z,"['Réseau Express Métropolitain', 'Réseau Express Métropolitain', '', '@REM_infoservice', '·', 'REM - Service normal sur la ligne A1 | Brossard-Gare Centrale. Direction: A1-Brossard.', '2', '1', '6', '4K']"
2023-08-17T20:03:00.000Z,"['Réseau Express Métropolitain', 'Réseau Express Métropolitain', '', '@REM_infoservice', '·', 'REM - Ralentissement de service sur la ligne A1 | Brossard-Gare Centrale. Direction: A1-Brossard. Cause: Incident.', '1', '3', '4', '3.8K']"
2023-08-16T11:02:23.000Z,"['Réseau Express Métropolitain', 'Réseau Express Métropolitain', '', '@REM_infoservice', '·', 'REM - Service normal sur la ligne A1 | Brossard-Gare Centrale. Direction: A1-Brossard.', '1', '5', '3.2K']"
2023-08-16T10:26:04.000Z,"['Réseau Express Métropolitain', 'Réseau Express Métropolitain', '', '@REM_infoservice', '·', 'REM - Ralentissement de service sur la ligne A1 | Brossard-Gare Centrale. Direction: A1-Brossard. Cause: Incident.', '3', '5', '8', '5K']"
2023-08-15T20:28:11.000Z,"['Réseau Express Métropolitain', 'Réseau Express Métropolitain', '', '@REM_infoservice', '·', 'REM - Service normal à la station Brossard. Direction: Gare Centrale.', '1', '3', '2.5K']"
2023-08-15T20:27:51.000Z,"['Réseau Express Métropolitain', 'Réseau Express Métropolitain', '', '@REM_infoservice', '·', 'REM - Service normal sur la ligne A1 | Brossard-Gare Centrale. Direction: A1-Brossard.', '1', '4', '2.5K']"
2023-08-15T20:20:24.000Z,"['Réseau Express Métropolitain', 'Réseau Express Métropolitain', '', '@REM_infoservice', '·', 'REM - Ralentissement de service à la station Brossard. Direction: Gare Centrale.', '1', '1', '2K']"
2023-08-15T20:18:53.000Z,"['Réseau Express Métropolitain', 'Réseau Express Métropolitain', '', '@REM_infoservice', '·', 'REM - Ralentissement de service sur la ligne A1 | Brossard-Gare Centrale. Direction: A1-Brossard.', '1', '2', '4', '3.4K']"
2023-08-15T12:37:30.000Z,"['Réseau Express Métropolitain', 'Réseau Express Métropolitain', '', '@REM_infoservice', '·', 'REM - Service normal sur la ligne A1 | Brossard-Gare Centrale. Direction: Gare Centrale.', '2', '9', '3.3K']"
2023-08-15T11:51:57.000Z,"['Réseau Express Métropolitain', 'Réseau Express Métropolitain', '', '@REM_infoservice', '·', 'REM - Ralentissement de service sur la ligne A1 | Brossard-Gare Centrale. Direction: Gare Centrale.', '4', '10', '4.4K']"
2023-08-14T17:36:21.000Z,"['Réseau Express Métropolitain', 'Réseau Express Métropolitain', '', '@REM_infoservice', '·', 'REM - Reprise graduelle de service sur la ligne A1 | Brossard-Gare Centrale. Direction: Gare Centrale.', '1', '3', '13', '7.3K']"
2023-08-14T17:36:09.000Z,"['Réseau Express Métropolitain', 'Réseau Express Métropolitain', '', '@REM_infoservice', '·', 'REM - Reprise graduelle de service sur la ligne A1 | Brossard-Gare Centrale. Direction: A1-Brossard.', '1', '2.7K']"
2023-08-14T17:32:51.000Z,"['Réseau Express Métropolitain', 'Réseau Express Métropolitain', '', '@REM_infoservice', '·', 'REM - Ralentissement de service sur la ligne A1 | Brossard-Gare Centrale. Direction: Gare Centrale.', '1', '1', '7', '3.1K']"
2023-08-05T03:42:10.000Z,"['Réseau Express Métropolitain', 'Réseau Express Métropolitain', '', '@REM_infoservice', '·', 'REM - Ascenseur 3 à la station Brossard de retour à la normale.', '2', '2', '13', '5.8K']"
2023-08-05T02:32:06.000Z,"['Réseau Express Métropolitain', 'Réseau Express Métropolitain', '', '@REM_infoservice', '·', ""REM - Service non disponible pour l'ascenseur 1 à la station Du Quartier. Passez par l'entrée Solar Uniquartier."", '4', '3', '10', '7.5K']"
2023-08-05T01:16:51.000Z,"['Réseau Express Métropolitain', 'Réseau Express Métropolitain', '', '@REM_infoservice', '·', ""REM - Service non disponible pour l'ascenseur 3 à la station Brossard."", '1', '3', '4', '5.5K']"
2023-08-02T20:31:09.000Z,"['Réseau Express Métropolitain', 'Réseau Express Métropolitain', '', '@REM_infoservice', '·', 'REM - Service normal sur la ligne A1 | Brossard-Gare Centrale. Direction: A1-Brossard.', '6', '2', '18', '8.5K']"
2023-08-02T10:40:19.000Z,"['Réseau Express Métropolitain', 'Réseau Express Métropolitain', '', '@REM_infoservice', '·', 'REM - Service normal sur la ligne A1 | Brossard-Gare Centrale. Direction: Gare Centrale.', '4', '4', '20', '12K']"
2023-08-02T10:39:27.000Z,"['Réseau Express Métropolitain', 'Réseau Express Métropolitain', '', '@REM_infoservice', '·', 'REM - Reprise graduelle de service sur la ligne A1 | Brossard-Gare Centrale. Direction: Gare Centrale.  Reprise prévue: mercredi le 02 août 2023 à 06 h.', '4', '3', '11', '9.4K']"
2023-08-02T09:37:43.000Z,"['Réseau Express Métropolitain', 'Réseau Express Métropolitain', '', '@REM_infoservice', '·', ""REM - Arrêt de service sur la ligne A1 | Brossard-Gare Centrale. Direction: Gare Centrale. Cause: Incident.  Navettes d'autobus disponibles."", '15', '25', '20', '12K']"
2023-08-02T09:37:09.000Z,"['Réseau Express Métropolitain', 'Réseau Express Métropolitain', '', '@REM_infoservice', '·', ""REM - Arrêt de service sur la ligne A1 | Brossard-Gare Centrale. Direction: A1-Brossard. Cause: Incident.  Navettes d'autobus disponibles."", '4', '8', '19', '7K']"
2023-07-31T13:21:05.000Z,"['Réseau Express Métropolitain', 'Réseau Express Métropolitain', '', '@REM_infoservice', '·', 'REM - Service normal sur la ligne A1 | Brossard-Gare Centrale. Direction: Gare Centrale.', '4', '19', '59', '28K']"
2023-07-31T13:10:36.000Z,"['Réseau Express Métropolitain', 'Réseau Express Métropolitain', '', '@REM_infoservice', '·', 'REM - Reprise graduelle de service sur la ligne A1 | Brossard-Gare Centrale. Direction: Gare Centrale.', '4', '11', '25', '14K']"
2023-07-31T13:09:22.000Z,"['Réseau Express Métropolitain', 'Réseau Express Métropolitain', '', '@REM_infoservice', '·', 'REM - Reprise graduelle de service sur la ligne A1 | Brossard-Gare Centrale. Direction: A1-Brossard.', '9', '22', '14K']"
2023-07-31T12:42:55.000Z,"['Réseau Express Métropolitain', 'Réseau Express Métropolitain', '', '@REM_infoservice', '·', ""REM - Interruption de service dans les deux directions entre les stations Panama et Gare Centrale. Navettes d'autobus disponibles. Consultez cette page pour les services en cas d'interruption :"", 'Plan de relève', '22', '30', '13', '40K']"
2023-07-31T12:33:30.000Z,"['Réseau Express Métropolitain', 'Réseau Express Métropolitain', '', '@REM_infoservice', '·', ""REM - Ralentissement de service sur la ligne A1 | Brossard-Gare Centrale. Direction: Gare Centrale. Cause: Incident.  Navettes d'autobus disponibles."", '8', '11', '9', '10K']"
2023-07-31T12:28:43.000Z,"['Réseau Express Métropolitain', 'Réseau Express Métropolitain', '', '@REM_infoservice', '·', ""REM - Ralentissement de service sur la ligne A1 | Brossard-Gare Centrale. Direction: A1-Brossard. Cause: Incident.  Navettes d'autobus disponibles."", '12', '20', '7', '12K']"
2023-07-31T11:51:19.000Z,"['Réseau Express Métropolitain', 'Réseau Express Métropolitain', '', '@REM_infoservice', '·', 'REM - Ralentissement de service sur la ligne A1 | Brossard-Gare Centrale. Direction: Gare Centrale.', '15', '10', '8', '10K']"
2023-07-31T10:00:31.000Z,"['Réseau Express Métropolitain', 'Réseau Express Métropolitain', '', '@REM_infoservice', '·', 'REM - Service normal sur la ligne A1 | Brossard-Gare Centrale. Direction: A1-Brossard.', '1', '1', '4', '4.6K']"
2023-07-31T09:58:56.000Z,"['Réseau Express Métropolitain', 'Réseau Express Métropolitain', '', '@REM_infoservice', '·', 'REM - Ralentissement de service sur la ligne A1 | Brossard-Gare Centrale. Direction: A1-Brossard.', '2', '3', '4', '6.7K']"
